,player_id,player_name,Team,League,Season,xwoba,PA,R,wRAA,wRC,Bat,Fld,Rep,Pos,RAR,WAR,Spd,wRC+,Basic,dec_pf,lg_wOBA,wOBA_scale,R/PA,R/W,lg_adj,xwRAA,xBat,park_runs,league_runs,xRAR,xWAR,fWAR
13,605141,Mookie Betts,Red Sox,AL,2018.0,0.5579999999999999,127.0,35.0,20.1,35.0,19.0,2.0,3.7,-1.2,24.2,2.5,5.2,224.0,104.0,1.04,0.315,1.239,0.11599999999999999,9.679,0.12117319631770498,24.907990314769968,23.661714382421433,-0.5892800000000007,-0.656995932348534,28.861714382421432,2.9818901107987843,2.5002582911457796
19,553993,Eugenio Suarez,Reds,NL,2018.0,0.48,73.0,10.0,6.6,15.0,6.3,1.3,2.2,0.3,10.0,1.0,3.5,173.0,101.0,1.01,0.315,1.239,0.11599999999999999,9.679,0.1111527146295801,9.721549636803871,9.990721468844525,-0.08467999999999959,0.3538518320406524,13.690721468844526,1.4144768538944648,1.0331645831180907
20,545361,Mike Trout,Angels,AL,2018.0,0.479,150.0,28.0,18.6,36.0,18.4,0.8,4.4,0.4,25.7,2.7,7.3,202.0,97.0,0.97,0.315,1.239,0.11599999999999999,9.679,0.12117319631770498,19.8547215496368,19.600742101981048,0.5219999999999996,-0.7759794476557489,26.90074210198105,2.779289399936052,2.655232978613493
21,456665,Steve Pearce,Blue Jays,AL,2018.0,0.474,72.0,14.0,2.2,11.0,1.8,-2.0,2.1,-1.3,1.2,0.1,2.6,121.0,101.0,1.01,0.315,1.239,0.11599999999999999,9.679,0.12117319631770498,9.239709443099272,8.783719308224512,-0.0835199999999996,-0.37247013487475944,8.183719308224513,0.8455128947437248,0.12397974997417088
22,518692,Freddie Freeman,Braves,NL,2018.0,0.45899999999999996,148.0,24.0,10.7,28.0,10.4,0.2,4.4,-2.5,13.1,1.4,5.5,159.0,99.0,0.99,0.315,1.239,0.11599999999999999,9.679,0.1111527146295801,17.200968523002416,18.09004675782456,0.17167999999999917,0.7173982348221446,20.79004675782456,2.1479539991553422,1.3534456038846987
23,547180,Bryce Harper,Nationals,NL,2018.0,0.457,153.0,29.0,13.0,31.0,12.5,-4.3,4.5,-1.5,12.9,1.3,4.4,169.0,101.0,1.01,0.315,1.239,0.11599999999999999,9.679,0.1111527146295801,17.535108958837775,18.09926362051202,-0.17747999999999914,0.7416346616742441,18.499263620512018,1.911278398647796,1.332782312222337
25,460026,Nick Hundley,Giants,NL,2018.0,0.456,50.0,10.0,4.2,10.0,4.3,-1.0,1.5,0.8,6.4,0.7,2.3,173.0,96.0,0.96,0.315,1.239,0.11599999999999999,9.679,0.1111527146295801,5.690072639225182,6.164436907746177,0.23200000000000026,0.2423642685209948,8.264436907746177,0.8538523512497341,0.6612253331955781
27,606192,Teoscar Hernandez,Blue Jays,AL,2018.0,0.44799999999999995,98.0,16.0,4.9,16.0,4.3,-2.0,2.9,-0.9,5.5,0.6,7.5,137.0,101.0,1.01,0.315,1.239,0.11599999999999999,9.679,0.12117319631770498,10.51977401129943,9.899120772164343,-0.11367999999999945,-0.5069732391350892,11.099120772164344,1.1467218485550514,0.5682405207149499
28,474832,Brandon Belt,Giants,NL,2018.0,0.44799999999999995,123.0,17.0,10.1,24.0,10.4,0.9,3.6,-2.2,13.4,1.4,4.6,171.0,96.0,0.96,0.315,1.239,0.11599999999999999,9.679,0.1111527146295801,13.203389830508469,14.370325931070118,0.5707200000000007,0.5962161005616472,17.37032593107012,1.794640554919942,1.3844405413782415
29,519048,Mitch Moreland,Red Sox,AL,2018.0,0.44799999999999995,77.0,14.0,7.8,17.0,7.1,0.3,2.3,-1.4,8.0,0.8,4.0,177.0,104.0,1.04,0.315,1.239,0.11599999999999999,9.679,0.12117319631770498,8.265536723163837,7.509920606700552,-0.3572800000000004,-0.3983361164632844,8.409920606700553,0.8688832117678017,0.8265316664944725
30,458015,Joey Votto,Reds,NL,2018.0,0.446,142.0,12.0,4.8,21.0,4.3,1.9,4.2,-2.4,7.3,0.8,0.5,126.0,101.0,1.01,0.315,1.239,0.11599999999999999,9.679,0.1111527146295801,15.0137207425343,15.537315265133927,-0.1647199999999992,0.6883145225996252,18.537315265133927,1.9152097598030713,0.7542101456762061
31,571431,Matt Adams,Nationals,NL,2018.0,0.446,81.0,14.0,8.3,18.0,8.1,-0.7,2.4,-1.0,7.5,0.8,1.3,184.0,101.0,1.01,0.315,1.239,0.11599999999999999,9.679,0.1111527146295801,8.564164648910412,8.862834763914424,-0.09395999999999954,0.39263011500401157,8.262834763914425,0.8536868234233314,0.7748734373385681
32,607043,Brandon Nimmo,Mets,NL,2018.0,0.446,55.0,10.0,4.2,11.0,4.4,-0.8,1.6,-0.2,6.0,0.6,7.6,167.0,95.0,0.95,0.315,1.239,0.11599999999999999,9.679,0.1111527146295801,5.815173527037933,6.400774222411028,0.31899999999999995,0.2666006953730943,8.000774222411028,0.8266116564119256,0.6198987498708544
33,502054,Tommy Pham,Cardinals,NL,2018.0,0.445,119.0,24.0,10.6,24.0,10.7,0.0,3.5,0.4,16.0,1.7,4.7,176.0,97.0,0.97,0.315,1.239,0.11599999999999999,9.679,0.1111527146295801,12.485875706214689,13.476822665294657,0.41411999999999966,0.5768269590799676,18.77682266529466,1.9399548161271474,1.653063332988945
35,571745,Mitch Haniger,Mariners,AL,2018.0,0.439,133.0,18.0,11.1,27.0,11.0,-0.8,3.9,-1.4,12.7,1.3,3.7,169.0,96.0,0.96,0.315,1.239,0.11599999999999999,9.679,0.12117319631770498,13.310734463276836,13.239819353022071,0.6171200000000007,-0.6880351102547639,14.93981935302207,1.5435292233724631,1.312119020559975
36,500874,Jose Martinez,Cardinals,NL,2018.0,0.43799999999999994,128.0,11.0,4.6,19.0,4.6,-2.2,3.8,-2.2,4.2,0.4,1.2,130.0,97.0,0.97,0.315,1.239,0.11599999999999999,9.679,0.1111527146295801,12.707021791767547,13.772914319181293,0.4454399999999996,0.6204525274137467,13.372914319181294,1.3816421447650888,0.4339291249095981
38,542583,Jesus Aguilar,Brewers,NL,2018.0,0.43700000000000006,68.0,11.0,4.7,13.0,4.4,-0.5,2.0,-1.0,4.6,0.5,1.8,154.0,102.0,1.02,0.315,1.239,0.11599999999999999,9.679,0.1111527146295801,6.695722356739307,6.86757776192786,-0.15776000000000018,0.3296154051885529,7.0675777619278595,0.7301971032056885,0.47525570823432167
39,571602,Matt Davidson,White Sox,AL,2018.0,0.43700000000000006,117.0,16.0,8.9,22.0,8.5,0.9,3.4,-2.4,9.6,1.0,0.8,160.0,99.0,0.99,0.315,1.239,0.11599999999999999,9.679,0.12117319631770498,11.520581113801457,11.051037144629973,0.13571999999999934,-0.6052639691714841,12.151037144629973,1.255402122598406,0.9918379997933671
40,547989,Jose Abreu,White Sox,AL,2018.0,0.436,132.0,16.0,4.8,20.0,4.3,-1.3,3.9,-2.3,3.8,0.4,3.1,127.0,99.0,0.99,0.315,1.239,0.11599999999999999,9.679,0.12117319631770498,12.891041162227602,12.361299248290543,0.15311999999999926,-0.682861913937059,11.861299248290543,1.2254674293099022,0.39260254158487445
41,519346,Eric Thames,Brewers,NL,2018.0,0.434,74.0,11.0,5.2,14.0,4.9,-0.4,2.2,-1.2,4.8,0.5,4.1,155.0,102.0,1.02,0.315,1.239,0.11599999999999999,9.679,0.1111527146295801,7.107344632768361,7.294363750179433,-0.1716800000000002,0.3586991174110723,7.194363750179432,0.7432961824754036,0.49591899989668353
42,614173,Franchy Cordero,Padres,NL,2018.0,0.431,88.0,13.0,3.3,14.0,3.6,-2.7,2.6,-0.3,3.5,0.4,3.9,134.0,95.0,0.95,0.315,1.239,0.11599999999999999,9.679,0.1111527146295801,8.238902340597253,9.175863453194204,0.5104,0.42656111259695084,9.075863453194204,0.9376860681056105,0.36160760409133175
43,593428,Xander Bogaerts,Red Sox,AL,2018.0,0.43,76.0,8.0,5.9,15.0,5.2,0.0,2.2,0.8,9.0,0.9,0.8,157.0,104.0,1.04,0.315,1.239,0.11599999999999999,9.679,0.12117319631770498,7.054075867635188,6.308272947489608,-0.3526400000000004,-0.3931629201455794,10.108272947489608,1.0443509605836974,0.9298481248062817
44,592178,Kris Bryant,Cubs,NL,2018.0,0.429,120.0,14.0,7.4,21.0,7.1,-0.5,3.5,0.2,9.9,1.0,4.3,150.0,100.0,1.0,0.315,1.239,0.11599999999999999,9.679,0.1111527146295801,11.041162227602904,11.62283647205329,0.0,0.5816742444503875,14.422836472053291,1.4901163831029332,1.0228329372869098
45,462101,Elvis Andrus,Rangers,AL,2018.0,0.42700000000000005,61.0,7.0,4.5,12.0,3.9,-0.8,1.8,0.6,6.5,0.7,1.5,152.0,105.0,1.05,0.315,1.239,0.11599999999999999,9.679,0.12117319631770498,5.514124293785312,4.844759318405308,-0.3538,-0.3155649753800045,7.444759318405309,0.7691661657614741,0.6715569790267589
46,656555,Rhys Hoskins,Phillies,NL,2018.0,0.42700000000000005,135.0,18.0,10.6,26.0,10.2,-1.7,4.0,-1.5,11.3,1.2,3.0,164.0,100.0,1.0,0.315,1.239,0.11599999999999999,9.679,0.1111527146295801,12.20338983050848,12.857773355515166,0.0,0.654383525006686,13.957773355515167,1.442067709010762,1.1674759789234426
48,502110,J.D. Martinez,Red Sox,AL,2018.0,0.425,134.0,20.0,10.8,26.0,9.6,0.2,3.9,-2.3,11.4,1.2,2.9,159.0,104.0,1.04,0.315,1.239,0.11599999999999999,9.679,0.12117319631770498,11.896690879741724,10.581722573169255,-0.6217600000000008,-0.693208306572469,12.381722573169256,1.2792357240592267,1.1778076247546234
49,408045,Joe Mauer,Twins,AL,2018.0,0.424,126.0,15.0,6.7,21.0,5.8,0.9,3.7,-2.3,9.3,1.0,1.1,138.0,102.0,1.02,0.315,1.239,0.11599999999999999,9.679,0.12117319631770498,11.084745762711862,10.140603026681033,-0.29232000000000036,-0.6518227360308291,13.640603026681035,1.4092987939540278,0.9608430622998244
51,592518,Manny Machado,Orioles,AL,2018.0,0.42,147.0,17.0,15.4,32.0,14.5,-2.1,4.3,1.5,17.9,1.9,2.1,181.0,101.0,1.01,0.315,1.239,0.11599999999999999,9.679,0.12117319631770498,12.457627118644064,11.52664725994143,-0.17051999999999917,-0.7604598587026339,14.92664725994143,1.5421683293668178,1.8493646037813822
53,592450,Aaron Judge,Yankees,AL,2018.0,0.41700000000000004,150.0,26.0,12.2,30.0,11.3,2.5,4.4,-1.7,16.3,1.7,3.3,162.0,101.0,1.01,0.315,1.239,0.11599999999999999,9.679,0.12117319631770498,12.348668280871674,11.398688833215926,-0.17399999999999916,-0.7759794476557489,16.398688833215928,1.6942544512052824,1.6840582704824878
54,429664,Robinson Cano,Mariners,AL,2018.0,0.41600000000000004,139.0,20.0,6.0,22.0,5.9,0.9,4.1,0.4,11.5,1.2,1.6,135.0,96.0,0.96,0.315,1.239,0.11599999999999999,9.679,0.12117319631770498,11.330912025827283,11.25679773766629,0.6449600000000008,-0.719074288160994,16.85679773766629,1.7415846407341968,1.1881392705858043
56,608336,Joey Gallo,Rangers,AL,2018.0,0.413,145.0,22.0,4.5,21.0,3.0,-0.2,4.3,-2.3,6.3,0.6,2.8,117.0,105.0,1.05,0.315,1.239,0.11599999999999999,9.679,0.12117319631770498,11.468926553672313,9.87781308760509,-0.841,-0.7501134660672238,13.177813087605088,1.361484976506363,0.6508936873643971
58,592663,J.T. Realmuto,Marlins,NL,2018.0,0.41100000000000003,64.0,10.0,4.4,12.0,4.4,1.0,1.9,1.0,8.5,0.9,3.1,158.0,97.0,0.97,0.315,1.239,0.11599999999999999,9.679,0.1111527146295801,4.9588377723970956,5.491784036103969,0.2227199999999998,0.31022626370687334,9.591784036103968,0.9909891555020114,0.8781898956503771
59,443558,Nelson Cruz,Mariners,AL,2018.0,0.41,97.0,9.0,3.3,15.0,3.2,,2.9,-2.5,3.8,0.4,0.1,128.0,96.0,0.96,0.315,1.239,0.11599999999999999,9.679,0.12117319631770498,7.437449556093622,7.385729513276238,0.4500800000000005,-0.5018000428173842,7.985729513276238,0.8250572903477877,0.39260254158487445
60,519058,Mike Moustakas,Royals,AL,2018.0,0.409,140.0,20.0,5.7,22.0,4.8,-0.6,4.1,-0.5,9.0,0.9,4.5,128.0,102.0,1.02,0.315,1.239,0.11599999999999999,9.679,0.12117319631770498,10.62146892655367,9.57242144207497,-0.32480000000000037,-0.7242474844786989,13.772421442074972,1.4229178057728042,0.9298481248062817
62,453568,Charlie Blackmon,Rockies,NL,2018.0,0.40700000000000003,128.0,27.0,12.0,27.0,9.4,-2.0,3.8,0.4,12.3,1.3,4.5,162.0,116.0,1.16,0.315,1.239,0.11599999999999999,9.679,0.1111527146295801,9.5044390637611,7.749211591174847,-2.375679999999999,0.6204525274137467,10.649211591174847,1.10023882541325,1.2707924372352517
63,455976,Nick Markakis,Braves,NL,2018.0,0.40700000000000003,148.0,21.0,13.8,31.0,13.6,2.7,4.4,-1.5,17.5,1.8,1.5,177.0,99.0,0.99,0.315,1.239,0.11599999999999999,9.679,0.1111527146295801,10.98950766747377,11.878585902295914,0.17167999999999917,0.7173982348221446,15.778585902295914,1.6301876125938541,1.8080380204566586
64,408234,Miguel Cabrera,Tigers,AL,2018.0,0.40700000000000003,108.0,13.0,6.6,19.0,5.8,-0.3,3.2,-1.8,8.1,0.8,1.0,145.0,102.0,1.02,0.315,1.239,0.11599999999999999,9.679,0.12117319631770498,8.019370460048428,7.210105257736289,-0.2505600000000003,-0.5587052023121392,9.510105257736289,0.9825503934018275,0.8368633123256534
65,571448,Nolan Arenado,Rockies,NL,2018.0,0.406,123.0,18.0,11.2,25.0,8.7,0.4,3.6,0.4,11.1,1.1,3.8,159.0,116.0,1.16,0.315,1.239,0.11599999999999999,9.679,0.1111527146295801,9.033898305084747,7.347234405646396,-2.282879999999999,0.5962161005616472,9.747234405646395,1.007049737126397,1.1468126872610807
66,595879,Javier Baez,Cubs,NL,2018.0,0.405,121.0,22.0,7.6,22.0,7.2,-0.9,3.6,0.6,12.1,1.3,7.8,150.0,100.0,1.0,0.315,1.239,0.11599999999999999,9.679,0.1111527146295801,8.789346246973366,9.375867776794173,0.0,0.5865215298208074,14.275867776794172,1.4749320980260534,1.2501291455728898
67,596019,Francisco Lindor,Indians,AL,2018.0,0.405,158.0,25.0,7.4,26.0,6.2,4.2,4.7,1.6,18.0,1.9,4.6,133.0,102.0,1.02,0.315,1.239,0.11599999999999999,9.679,0.12117319631770498,11.476997578692496,10.293072560495107,-0.36656000000000044,-0.8173650181973888,22.09307256049511,2.2825780101761657,1.8596962496125633
68,518934,DJ LeMahieu,Rockies,NL,2018.0,0.405,120.0,17.0,6.0,20.0,3.5,1.1,3.5,0.4,8.4,0.9,3.9,125.0,116.0,1.16,0.315,1.239,0.11599999999999999,9.679,0.1111527146295801,8.71670702179177,7.071181266242158,-2.227199999999999,0.5816742444503875,11.971181266242159,1.2368200502368176,0.8678582498191962
69,572761,Matt Carpenter,Cardinals,NL,2018.0,0.40399999999999997,122.0,12.0,-2.4,12.0,-2.4,-1.2,3.6,0.2,1.1,0.1,1.1,84.0,97.0,0.97,0.315,1.239,0.11599999999999999,9.679,0.1111527146295801,8.763518966908794,9.779447782100021,0.4245599999999996,0.5913688151912273,13.279447782100021,1.3719855131831822,0.11364810414298998
70,592206,Nicholas Castellanos,Tigers,AL,2018.0,0.40399999999999997,142.0,17.0,6.1,23.0,5.1,-0.6,4.2,-1.5,8.1,0.8,3.8,130.0,102.0,1.02,0.315,1.239,0.11599999999999999,9.679,0.12117319631770498,10.200161420500399,9.136127543386289,-0.3294400000000004,-0.734593877114109,12.136127543386289,1.2538617154030673,0.8368633123256534
71,547982,Leonys Martin,Tigers,AL,2018.0,0.40399999999999997,128.0,21.0,3.9,19.0,3.0,1.3,3.8,0.4,8.5,0.9,5.9,120.0,102.0,1.02,0.315,1.239,0.11599999999999999,9.679,0.12117319631770498,9.194511702986276,8.235382574320036,-0.29696000000000033,-0.662169128666239,13.735382574320036,1.4190910811364847,0.8781898956503771
72,608070,Jose Ramirez,Indians,AL,2018.0,0.40299999999999997,145.0,21.0,10.6,27.0,9.5,5.1,4.3,0.4,20.0,2.1,3.5,154.0,102.0,1.02,0.315,1.239,0.11599999999999999,9.679,0.12117319631770498,10.298627925746565,9.21211445967934,-0.33640000000000037,-0.7501134660672238,19.71211445967934,2.0365858518110693,2.0663291662361813
73,476704,Jed Lowrie,Athletics,AL,2018.0,0.40299999999999997,148.0,16.0,13.9,31.0,13.5,0.3,4.4,0.5,18.3,1.9,1.7,175.0,98.0,0.98,0.315,1.239,0.11599999999999999,9.679,0.12117319631770498,10.511702986279253,10.089429931258914,0.3433600000000004,-0.7656330550203388,14.889429931258915,1.5383231667795139,1.890691187106106
75,608385,Jesse Winker,Reds,NL,2018.0,0.401,109.0,9.0,3.5,16.0,3.1,-2.4,3.2,-1.0,2.2,0.2,0.8,124.0,101.0,1.01,0.315,1.239,0.11599999999999999,9.679,0.1111527146295801,7.565778853914448,7.9676929592902175,-0.1264399999999994,0.5283541053757687,7.067692959290218,0.7302090049891743,0.22729620828597996
76,660162,Yoan Moncada,White Sox,AL,2018.0,0.401,132.0,17.0,6.3,22.0,5.8,1.2,3.9,0.4,12.9,1.3,6.5,136.0,99.0,0.99,0.315,1.239,0.11599999999999999,9.679,0.12117319631770498,9.16222760290557,8.632485688968512,0.15311999999999926,-0.682861913937059,15.732485688968513,1.6254247018254482,1.332782312222337
77,457705,Andrew McCutchen,Giants,NL,2018.0,0.39899999999999997,135.0,20.0,3.3,19.0,3.7,0.2,4.0,-1.5,5.8,0.6,5.6,123.0,96.0,0.96,0.315,1.239,0.11599999999999999,9.679,0.1111527146295801,9.152542372881351,10.433325897888038,0.6264000000000007,0.654383525006686,12.533325897888037,1.2948988426374664,0.5992354582084926
78,465041,Francisco Cervelli,Pirates,NL,2018.0,0.39799999999999996,106.0,11.0,8.1,20.0,8.1,1.0,3.1,1.9,14.6,1.5,3.1,164.0,98.0,0.98,0.315,1.239,0.11599999999999999,9.679,0.1111527146295801,7.100887812752216,7.860620062016725,0.24592000000000028,0.513812249264509,14.360620062016725,1.4836884039690799,1.5084202913524123
79,425877,Yadier Molina,Cardinals,NL,2018.0,0.397,120.0,11.0,0.4,14.0,0.5,-1.4,3.5,2.2,4.3,0.4,2.6,103.0,97.0,0.97,0.315,1.239,0.11599999999999999,9.679,0.1111527146295801,7.941888619854722,8.94116286430511,0.41759999999999964,0.5816742444503875,12.74116286430511,1.3163718219139486,0.44426077074077897
80,660271,Shohei Ohtani,Angels,AL,2018.0,0.397,64.0,10.0,5.8,13.0,5.8,,1.9,-1.6,6.1,0.6,3.8,175.0,97.0,0.97,0.315,1.239,0.11599999999999999,9.679,0.12117319631770498,4.2356739305891855,4.127309366256066,0.2227199999999998,-0.3310845643331195,4.427309366256066,0.4574139235722766,0.6302303957020353
81,621566,Matt Olson,Athletics,AL,2018.0,0.397,129.0,15.0,1.4,16.0,1.0,1.7,3.8,-2.4,5.6,0.6,3.9,107.0,98.0,0.98,0.315,1.239,0.11599999999999999,9.679,0.12117319631770498,8.537530266343827,8.169467941359883,0.2992800000000003,-0.667342324983944,12.769467941359883,1.3192962022274908,0.5785721665461308
82,476883,Pedro Alvarez,Orioles,AL,2018.0,0.397,87.0,12.0,1.6,12.0,1.0,,2.6,-2.3,1.7,0.2,1.3,110.0,101.0,1.01,0.315,1.239,0.11599999999999999,9.679,0.12117319631770498,5.757869249394673,5.20688116975434,-0.10091999999999951,-0.45006807964033435,5.90688116975434,0.6102780421277342,0.17563797913007542
83,488726,Michael Brantley,Indians,AL,2018.0,0.396,99.0,9.0,5.6,17.0,4.8,-1.4,2.9,-1.1,5.0,0.5,3.5,140.0,102.0,1.02,0.315,1.239,0.11599999999999999,9.679,0.12117319631770498,6.472154963680389,5.730328528227594,-0.22968000000000027,-0.5121464354527943,5.930328528227594,0.6127005401619583,0.5165822915590453
84,656941,Kyle Schwarber,Cubs,NL,2018.0,0.396,103.0,16.0,6.4,18.0,6.0,0.3,3.0,-1.1,8.0,0.8,3.9,149.0,100.0,1.0,0.315,1.239,0.11599999999999999,9.679,0.1111527146295801,6.733656174334142,7.232926567487391,0.0,0.4992703931532493,9.232926567487391,0.9539132728058054,0.8265316664944725
85,621002,Daniel Robertson,Rays,AL,2018.0,0.396,94.0,14.0,7.7,19.0,7.5,1.3,2.8,0.3,13.1,1.4,3.4,166.0,97.0,0.97,0.315,1.239,0.11599999999999999,9.679,0.12117319631770498,6.145278450363197,5.986117996498927,0.32711999999999974,-0.48628045386426927,11.586117996498928,1.1970366769809822,1.3534456038846987
86,596142,Gary Sanchez,Yankees,AL,2018.0,0.395,125.0,22.0,2.8,17.0,2.1,1.0,3.7,1.1,8.8,0.9,2.6,114.0,101.0,1.01,0.315,1.239,0.11599999999999999,9.679,0.12117319631770498,8.071025020177563,7.27937548046444,-0.1449999999999993,-0.646649539713124,13.97937548046444,1.4442995640525302,0.9091848331439198
88,608369,Corey Seager,Dodgers,NL,2018.0,0.39399999999999996,115.0,13.0,1.0,14.0,1.3,-0.8,3.4,1.1,4.9,0.5,2.9,110.0,96.0,0.96,0.315,1.239,0.11599999999999999,9.679,0.1111527146295801,7.332526230831311,8.4235640484296,0.5336000000000006,0.557437817598288,12.023564048429602,1.2422320537689433,0.5062506457278645
89,592885,Christian Yelich,Brewers,NL,2018.0,0.39299999999999996,98.0,16.0,3.4,15.0,3.0,-1.7,2.9,-0.9,2.6,0.3,5.3,125.0,102.0,1.02,0.315,1.239,0.11599999999999999,9.679,0.1111527146295801,6.169491525423725,6.417165491724875,-0.22736000000000026,0.4750339663011498,6.0171654917248745,0.6216722276810491,0.26862279161070357
90,543807,George Springer,Astros,AL,2018.0,0.39299999999999996,160.0,28.0,4.6,23.0,4.5,-2.1,4.7,-1.1,7.1,0.7,2.9,123.0,97.0,0.97,0.315,1.239,0.11599999999999999,9.679,0.12117319631770498,10.072639225181591,9.80172781434879,0.5567999999999995,-0.8277114108327988,12.40172781434879,1.2813025947255698,0.7335468540138443
91,461314,Matt Kemp,Dodgers,NL,2018.0,0.392,98.0,13.0,6.1,17.0,6.3,-0.4,2.9,-0.9,8.0,0.8,1.1,154.0,96.0,0.96,0.315,1.239,0.11599999999999999,9.679,0.1111527146295801,6.090395480225989,7.02014944652714,0.4547200000000005,0.4750339663011498,8.72014944652714,0.9009349567648661,0.8265316664944725
93,452678,Asdrubal Cabrera,Mets,NL,2018.0,0.39,132.0,22.0,10.4,26.0,10.8,0.7,3.9,0.4,16.9,1.7,3.3,169.0,95.0,0.95,0.315,1.239,0.11599999999999999,9.679,0.1111527146295801,7.990314769975788,9.395756438871214,0.7656,0.6398416688954263,15.495756438871211,1.6009666741265844,1.746048145469573
95,596748,Maikel Franco,Phillies,NL,2018.0,0.38799999999999996,105.0,13.0,2.0,14.0,1.8,-0.4,3.1,0.4,4.8,0.5,3.1,114.0,100.0,1.0,0.315,1.239,0.11599999999999999,9.679,0.1111527146295801,6.186440677966098,6.695405641860186,0.0,0.5089649638940891,9.695405641860187,1.0016949728133264,0.49591899989668353
96,570799,Christian Villanueva,Padres,NL,2018.0,0.38799999999999996,107.0,17.0,8.7,21.0,9.0,-1.4,3.2,0.3,10.9,1.1,3.5,171.0,95.0,0.95,0.315,1.239,0.11599999999999999,9.679,0.1111527146295801,6.304277643260689,7.443537177895617,0.6205999999999999,0.5186595346349289,9.343537177895618,0.9653411693248908,1.126149395598719
97,467793,Carlos Santana,Phillies,NL,2018.0,0.386,140.0,20.0,-3.3,13.0,-3.7,1.3,4.1,-2.4,0.5,0.1,5.6,78.0,100.0,1.0,0.315,1.239,0.11599999999999999,9.679,0.1111527146295801,8.022598870056498,8.701218821915283,0.0,0.6786199518587854,12.901218821915283,1.3329082365859368,0.05165822915590453
98,544369,Didi Gregorius,Yankees,AL,2018.0,0.386,139.0,27.0,14.3,30.0,13.5,2.2,4.1,1.4,22.2,2.3,5.2,180.0,101.0,1.01,0.315,1.239,0.11599999999999999,9.679,0.12117319631770498,7.965294592413237,7.084980304252244,-0.16123999999999922,-0.719074288160994,15.784980304252244,1.6308482595570042,2.2936253745221613
100,592122,Tyler Austin,Yankees,AL,2018.0,0.385,76.0,12.0,4.0,13.0,3.5,-0.6,2.2,-1.5,3.6,0.4,4.3,138.0,101.0,1.01,0.315,1.239,0.11599999999999999,9.679,0.12117319631770498,4.293785310734463,3.812462390588884,-0.08815999999999957,-0.3931629201455794,3.912462390588884,0.4042217574737973,0.37193924992251265
101,475253,Justin Smoak,Blue Jays,AL,2018.0,0.384,130.0,16.0,3.2,18.0,2.4,-1.0,3.8,-2.3,-0.3,0.0,1.3,115.0,101.0,1.01,0.315,1.239,0.11599999999999999,9.679,0.12117319631770498,7.239709443099273,6.416393921797625,-0.15079999999999927,-0.6725155213016489,3.7163939217976254,0.383964657691665,-0.03099493749354272
102,475174,Yonder Alonso,Indians,AL,2018.0,0.384,127.0,14.0,-1.4,13.0,-2.4,-0.3,3.7,-2.3,-0.7,-0.1,1.0,85.0,102.0,1.02,0.315,1.239,0.11599999999999999,9.679,0.12117319631770498,7.0726392251815975,6.1210032928330635,-0.29464000000000035,-0.656995932348534,7.821003292833064,0.8080383606605087,-0.07232152081826634
103,596146,Max Kepler,Twins,AL,2018.0,0.384,117.0,13.0,5.3,19.0,4.4,-1.3,3.4,-0.6,6.2,0.6,2.5,131.0,102.0,1.02,0.315,1.239,0.11599999999999999,9.679,0.12117319631770498,6.515738498789346,5.639034529617861,-0.2714400000000003,-0.6052639691714841,7.439034529617861,0.768574700859372,0.6405620415332163
104,572041,A.J. Pollock,Diamondbacks,NL,2018.0,0.384,134.0,21.0,10.8,26.0,10.5,1.7,3.9,0.5,18.5,1.9,7.8,166.0,105.0,1.05,0.315,1.239,0.11599999999999999,9.679,0.1111527146295801,7.4624697336561745,7.334805973292441,-0.7771999999999999,0.649536239636266,15.33480597329244,1.584337842059349,1.9113544787684678
105,543543,Brad Miller,Rays,AL,2018.0,0.38299999999999995,79.0,8.0,0.3,9.0,0.1,-0.5,2.3,-1.7,-0.3,0.0,0.9,101.0,97.0,0.97,0.315,1.239,0.11599999999999999,9.679,0.12117319631770498,4.335754640839383,4.201992131740688,0.2749199999999998,-0.4086825090986944,3.8019921317406884,0.39280836158081295,-0.03099493749354272
107,543333,Eric Hosmer,Padres,NL,2018.0,0.381,135.0,17.0,8.0,24.0,8.4,-0.2,4.0,-2.3,9.6,1.0,4.4,152.0,95.0,0.95,0.315,1.239,0.11599999999999999,9.679,0.1111527146295801,7.191283292978207,8.628666817984893,0.7829999999999999,0.654383525006686,9.828666817984892,1.0154630455609972,0.9918379997933671
108,434670,Hanley Ramirez,Red Sox,AL,2018.0,0.381,134.0,20.0,3.7,19.0,2.5,0.0,3.9,-2.6,4.5,0.5,4.3,116.0,104.0,1.04,0.315,1.239,0.11599999999999999,9.679,0.12117319631770498,7.138014527845037,5.823046221272567,-0.6217600000000008,-0.693208306572469,7.823046221272567,0.8082494287914627,0.4649240624031408
109,500208,Yangervis Solarte,Blue Jays,AL,2018.0,0.38,140.0,21.0,7.0,23.0,6.1,-2.0,4.1,0.1,8.5,0.9,1.9,136.0,101.0,1.01,0.315,1.239,0.11599999999999999,9.679,0.12117319631770498,7.344632768361581,6.457985283882883,-0.1623999999999992,-0.7242474844786989,8.857985283882883,0.9151756673089041,0.8781898956503771
110,621043,Carlos Correa,Astros,AL,2018.0,0.38,145.0,22.0,6.5,23.0,6.4,0.4,4.3,1.5,13.1,1.4,4.1,136.0,97.0,0.97,0.315,1.239,0.11599999999999999,9.679,0.12117319631770498,7.606941081517353,7.361427615450128,0.5045999999999996,-0.7501134660672238,14.061427615450128,1.4527769000361739,1.3534456038846987
111,400121,Victor Martinez,Tigers,AL,2018.0,0.379,111.0,6.0,-0.6,12.0,-1.3,,3.3,-2.8,-1.6,-0.2,0.3,90.0,102.0,1.02,0.315,1.239,0.11599999999999999,9.679,0.12117319631770498,5.73365617433414,4.901911383068885,-0.2575200000000003,-0.5742247912652542,4.601911383068885,0.4754531855634761,-0.16530633329889452
112,453943,Todd Frazier,Mets,NL,2018.0,0.379,131.0,18.0,5.1,20.0,5.5,-0.5,3.9,0.5,11.2,1.2,4.3,135.0,95.0,0.95,0.315,1.239,0.11599999999999999,9.679,0.1111527146295801,6.766747376916868,8.161541760441875,0.7597999999999999,0.6349943835250064,13.861541760441874,1.4321254014300933,1.1571443330922615
114,446308,Matt Wieters,Nationals,NL,2018.0,0.379,62.0,6.0,-0.3,7.0,-0.6,0.0,1.8,1.1,1.2,0.1,1.4,93.0,101.0,1.01,0.315,1.239,0.11599999999999999,9.679,0.1111527146295801,3.2025827280064565,3.4311944209724903,-0.07191999999999965,0.30053169296603355,5.23119442097249,0.5404684803153724,0.12397974997417088
115,475582,Ryan Zimmerman,Nationals,NL,2018.0,0.37799999999999995,117.0,10.0,-2.9,11.0,-3.3,0.0,3.4,-2.0,-1.7,-0.2,3.3,76.0,101.0,1.01,0.315,1.239,0.11599999999999999,9.679,0.1111527146295801,5.949152542372875,6.380564930712004,-0.13571999999999934,0.5671323883391278,7.980564930712004,0.8245237039685922,-0.17563797913007542
116,457763,Buster Posey,Giants,NL,2018.0,0.37799999999999995,114.0,14.0,3.9,17.0,4.1,0.4,3.4,1.4,7.7,0.8,3.2,131.0,96.0,0.96,0.315,1.239,0.11599999999999999,9.679,0.1111527146295801,5.79661016949152,6.878160701719389,0.5289600000000005,0.5525905322278681,10.47816070171939,1.0825664533236272,0.7955367290009299
117,624585,Jorge Soler,Royals,AL,2018.0,0.37799999999999995,123.0,12.0,8.4,23.0,7.6,2.3,3.6,-1.4,10.7,1.1,1.1,151.0,102.0,1.02,0.315,1.239,0.11599999999999999,9.679,0.12117319631770498,6.254237288135587,5.332574141057872,-0.28536000000000034,-0.6363031470777141,8.432574141057872,0.8712236947058448,1.105486103936357
118,514917,Cesar Hernandez,Phillies,NL,2018.0,0.37799999999999995,142.0,22.0,5.2,22.0,4.9,1.2,4.2,0.4,11.1,1.1,4.2,129.0,100.0,1.0,0.315,1.239,0.11599999999999999,9.679,0.1111527146295801,7.220338983050841,7.908653505650466,0.0,0.6883145225996252,14.108653505650466,1.4576561117522953,1.1468126872610807
119,444482,David Peralta,Diamondbacks,NL,2018.0,0.377,127.0,17.0,8.2,23.0,7.9,1.1,3.7,-1.3,12.1,1.3,2.9,152.0,105.0,1.05,0.315,1.239,0.11599999999999999,9.679,0.1111527146295801,6.355125100887812,6.234130342931139,-0.7365999999999999,0.6156052420433268,10.434130342931137,1.0780173925954268,1.2501291455728898
120,607680,Kevin Pillar,Blue Jays,AL,2018.0,0.377,142.0,22.0,7.5,24.0,6.6,-1.4,4.2,0.5,12.9,1.3,8.1,139.0,101.0,1.01,0.315,1.239,0.11599999999999999,9.679,0.12117319631770498,7.105730427764326,6.206416550650218,-0.1647199999999992,-0.734593877114109,12.506416550650219,1.2921186641853724,1.332782312222337
121,518614,Daniel Descalso,Diamondbacks,NL,2018.0,0.375,99.0,10.0,2.3,14.0,2.0,0.4,2.9,0.2,6.0,0.6,3.5,117.0,105.0,1.05,0.315,1.239,0.11599999999999999,9.679,0.1111527146295801,4.794188861985472,4.699870113657041,-0.5741999999999999,0.4798812516715697,8.699870113657042,0.8988397679158013,0.6198987498708544
122,592387,Ryon Healy,Mariners,AL,2018.0,0.374,59.0,9.0,-0.1,7.0,-0.1,0.5,1.7,-1.2,0.4,0.0,2.4,99.0,96.0,0.96,0.315,1.239,0.11599999999999999,9.679,0.12117319631770498,2.8095238095238093,2.7780652267792147,0.27376000000000034,-0.30521858274459457,3.2780652267792147,0.3386780893459257,0.04132658332472363
123,460086,Alex Gordon,Royals,AL,2018.0,0.374,78.0,8.0,0.8,10.0,0.3,-0.5,2.3,-0.5,2.2,0.2,3.6,103.0,102.0,1.02,0.315,1.239,0.11599999999999999,9.679,0.12117319631770498,3.7142857142857135,3.129816401504724,-0.1809600000000002,-0.4035093127809894,5.029816401504724,0.5196628165621163,0.22729620828597996
124,608577,Nomar Mazara,Rangers,AL,2018.0,0.373,140.0,18.0,4.3,21.0,2.9,-1.6,4.1,-1.8,3.5,0.4,1.3,117.0,105.0,1.05,0.315,1.239,0.11599999999999999,9.679,0.12117319631770498,6.55367231638418,5.017424831905481,-0.8119999999999999,-0.7242474844786989,5.617424831905481,0.5803724384652837,0.36160760409133175
128,134181,Adrian Beltre,Rangers,AL,2018.0,0.37200000000000005,101.0,11.0,2.3,14.0,1.3,0.4,3.0,0.1,4.6,0.5,1.3,110.0,105.0,1.05,0.315,1.239,0.11599999999999999,9.679,0.12117319631770498,4.646489104116227,3.538196276028023,-0.5858,-0.5224928280882042,6.838196276028023,0.7064982204802173,0.47525570823432167
129,450314,Ben Zobrist,Cubs,NL,2018.0,0.37200000000000005,73.0,8.0,1.6,10.0,1.4,1.0,2.2,-0.5,4.8,0.5,3.2,116.0,100.0,1.0,0.315,1.239,0.11599999999999999,9.679,0.1111527146295801,3.3583535108958866,3.712205342936539,0.0,0.3538518320406524,7.112205342936539,0.7348078668185286,0.49591899989668353
130,518792,Jason Heyward,Cubs,NL,2018.0,0.37200000000000005,107.0,16.0,-1.1,11.0,-1.4,0.0,3.2,-1.1,1.7,0.2,4.1,89.0,100.0,1.0,0.315,1.239,0.11599999999999999,9.679,0.1111527146295801,4.922518159806299,5.441177694441228,0.0,0.5186595346349289,8.541177694441227,0.8824442292014906,0.17563797913007542
131,592743,Andrelton Simmons,Angels,AL,2018.0,0.37200000000000005,127.0,22.0,9.6,24.0,9.5,2.6,3.7,1.3,17.7,1.8,5.6,162.0,97.0,0.97,0.315,1.239,0.11599999999999999,9.679,0.12117319631770498,5.842615012106542,5.627579079758008,0.44195999999999963,-0.656995932348534,13.827579079758006,1.4286164975470612,1.8287013121190205
132,605412,Joe Panik,Giants,NL,2018.0,0.371,100.0,11.0,-0.1,11.0,0.1,0.8,2.9,0.3,2.5,0.3,3.4,101.0,96.0,0.96,0.315,1.239,0.11599999999999999,9.679,0.1111527146295801,4.519774011299434,5.468502548341425,0.4640000000000005,0.4847285370419896,7.868502548341425,0.8129458155120802,0.25829114577952267
133,500871,Eduardo Escobar,Twins,AL,2018.0,0.371,114.0,19.0,9.4,23.0,8.5,-1.5,3.4,0.9,12.2,1.3,3.0,162.0,102.0,1.02,0.315,1.239,0.11599999999999999,9.679,0.12117319631770498,5.152542372881355,4.298317992662985,-0.26448000000000027,-0.5897443802183691,7.998317992662984,0.8263578874535575,1.2604607914040706
134,434158,Curtis Granderson,Blue Jays,AL,2018.0,0.371,93.0,15.0,7.5,18.0,6.9,0.8,2.7,-1.1,9.2,0.9,4.6,162.0,101.0,1.01,0.315,1.239,0.11599999999999999,9.679,0.12117319631770498,4.203389830508474,3.61440257296191,-0.10787999999999948,-0.48110725754656425,5.914402572961909,0.6110551268686754,0.9505114164686433
136,571912,Luke Maile,Blue Jays,AL,2018.0,0.371,54.0,10.0,2.1,8.0,1.8,0.0,1.6,0.9,5.1,0.5,5.0,127.0,101.0,1.01,0.315,1.239,0.11599999999999999,9.679,0.12117319631770498,2.440677966101694,2.098685364945625,-0.0626399999999997,-0.2793526011560696,5.398685364945624,0.5577730514459783,0.5269139373902262
138,452655,Denard Span,Rays,AL,2018.0,0.37,110.0,17.0,3.7,16.0,3.5,-1.8,3.2,-1.4,3.9,0.4,5.6,126.0,97.0,0.97,0.315,1.239,0.11599999999999999,9.679,0.12117319631770498,4.882970137207424,4.696718542259875,0.3827999999999997,-0.5690515949475492,5.096718542259875,0.5265749087984167,0.40293418741605536
139,641820,Trey Mancini,Orioles,AL,2018.0,0.37,139.0,17.0,-0.4,16.0,-1.3,1.9,4.1,-1.6,4.4,0.5,1.6,92.0,101.0,1.01,0.315,1.239,0.11599999999999999,9.679,0.12117319631770498,6.170298627925745,5.289984339764752,-0.16123999999999922,-0.719074288160994,10.989984339764753,1.1354462588867396,0.4545924165719599
140,467092,Wilson Ramos,Rays,AL,2018.0,0.37,95.0,10.0,4.3,15.0,4.1,-1.0,2.8,1.6,6.2,0.6,0.8,136.0,97.0,0.97,0.315,1.239,0.11599999999999999,9.679,0.12117319631770498,4.217110573042776,4.056256922860801,0.3305999999999997,-0.4914536501819743,6.156256922860802,0.636042661727534,0.6405620415332163
141,592444,JaCoby Jones,Tigers,AL,2018.0,0.369,96.0,10.0,-0.2,11.0,-0.8,0.6,2.8,-1.0,3.4,0.4,8.1,93.0,102.0,1.02,0.315,1.239,0.11599999999999999,9.679,0.12117319631770498,4.184019370460048,3.464672523960368,-0.22272000000000025,-0.49662684649967925,7.664672523960368,0.7918868192954197,0.35127595826015084
142,571788,Brock Holt,Red Sox,AL,2018.0,0.36700000000000005,55.0,8.0,3.7,10.0,3.2,0.7,1.6,0.4,4.8,0.5,1.6,148.0,104.0,1.04,0.315,1.239,0.11599999999999999,9.679,0.12117319631770498,2.3083131557707848,1.76858735829701,-0.2552000000000003,-0.2845257974737746,3.3685873582970096,0.34803051537318,0.49591899989668353
146,571506,Justin Bour,Marlins,NL,2018.0,0.366,111.0,10.0,2.8,16.0,2.9,-2.4,3.3,-1.9,-0.1,0.0,0.3,122.0,97.0,0.97,0.315,1.239,0.11599999999999999,9.679,0.1111527146295801,4.569007263922517,5.493335940039125,0.3862799999999997,0.5380486761166084,2.493335940039125,0.2576026387063875,-0.010331645831180907
147,502671,Paul Goldschmidt,Diamondbacks,NL,2018.0,0.366,139.0,22.0,3.6,20.0,3.2,1.8,4.1,-2.5,7.7,0.8,7.0,120.0,105.0,1.05,0.315,1.239,0.11599999999999999,9.679,0.1111527146295801,5.721549636803872,5.589122303292238,-0.8061999999999999,0.6737726664883655,10.089122303292239,1.0423723838508356,0.7955367290009299
148,570256,Gregory Polanco,Pirates,NL,2018.0,0.366,140.0,20.0,1.5,18.0,1.4,-2.9,4.1,-1.4,0.2,0.0,3.7,109.0,98.0,0.98,0.315,1.239,0.11599999999999999,9.679,0.1111527146295801,5.7627118644067785,6.766131816265565,0.32480000000000037,0.6786199518587854,5.566131816265565,0.5750730257532354,0.020663291662361815
149,408236,Adrian Gonzalez,Mets,NL,2018.0,0.365,89.0,7.0,-2.1,8.0,-1.8,0.7,2.6,-1.6,-1.7,-0.2,0.6,82.0,95.0,0.95,0.315,1.239,0.11599999999999999,9.679,0.1111527146295801,3.5916061339790146,4.539214531946385,0.5162,0.43140839796737074,4.639214531946385,0.4793072147893775,-0.17563797913007542
150,608324,Alex Bregman,Astros,AL,2018.0,0.365,150.0,12.0,1.8,19.0,1.7,-1.8,4.4,0.5,5.3,0.6,2.7,109.0,97.0,0.97,0.315,1.239,0.11599999999999999,9.679,0.12117319631770498,6.05326876513317,5.79928931747742,0.5219999999999996,-0.7759794476557489,9.39928931747742,0.9711012829297881,0.547577229052588
151,501981,Khris Davis,Athletics,AL,2018.0,0.364,148.0,15.0,2.7,20.0,2.3,-1.6,4.4,-3.2,1.8,0.2,0.7,113.0,98.0,0.98,0.315,1.239,0.11599999999999999,9.679,0.12117319631770498,5.853107344632766,5.430834289612428,0.3433600000000004,-0.7656330550203388,4.930834289612428,0.5094363353251811,0.18596962496125632
152,594807,Adam Duvall,Reds,NL,2018.0,0.364,124.0,10.0,-5.5,9.0,-6.0,-0.2,3.7,-1.3,-3.2,-0.3,3.7,59.0,101.0,1.01,0.315,1.239,0.11599999999999999,9.679,0.1111527146295801,4.903954802259886,5.361178188191953,-0.1438399999999993,0.6010633859320671,8.161178188191954,0.8431840260555795,-0.33061266659778904
153,435559,Kurt Suzuki,Braves,NL,2018.0,0.364,95.0,14.0,5.3,16.0,5.1,-2.0,2.8,1.6,7.6,0.8,1.7,145.0,99.0,0.99,0.315,1.239,0.11599999999999999,9.679,0.1111527146295801,3.757062146892654,4.327754257082543,0.11019999999999947,0.4604921101898901,6.827754257082543,0.7054193880651455,0.7852050831697489
154,543768,Travis Shaw,Brewers,NL,2018.0,0.364,136.0,20.0,2.4,18.0,1.7,2.0,4.0,0.5,9.0,0.9,1.8,111.0,102.0,1.02,0.315,1.239,0.11599999999999999,9.679,0.1111527146295801,5.378531073446325,5.722241883823431,-0.31552000000000036,0.6592308103771058,13.02224188382343,1.3454119107163374,0.9298481248062817
156,592567,Colin Moran,Pirates,NL,2018.0,0.363,108.0,11.0,1.5,14.0,1.5,-1.5,3.2,0.4,3.5,0.4,1.6,112.0,98.0,0.98,0.315,1.239,0.11599999999999999,9.679,0.1111527146295801,4.184019370460047,4.958086190465396,0.2505600000000003,0.5235068200053488,6.958086190465396,0.7188848218271925,0.36160760409133175
157,501896,David Freese,Pirates,NL,2018.0,0.363,55.0,9.0,1.8,8.0,1.8,0.2,1.6,-0.1,3.9,0.4,1.9,127.0,98.0,0.98,0.315,1.239,0.11599999999999999,9.679,0.1111527146295801,2.1307506053268757,2.52495130069997,0.12760000000000016,0.2666006953730943,4.624951300699969,0.4778335882529155,0.40293418741605536
158,514888,Jose Altuve,Astros,AL,2018.0,0.36200000000000004,155.0,20.0,4.9,23.0,4.7,0.2,4.6,0.3,10.8,1.1,2.4,125.0,97.0,0.97,0.315,1.239,0.11599999999999999,9.679,0.12117319631770498,5.879741727199359,5.617296297955084,0.5393999999999995,-0.8018454292442738,11.717296297955084,1.210589554494791,1.1158177497675381
159,543228,Yan Gomes,Indians,AL,2018.0,0.36200000000000004,89.0,11.0,2.3,13.0,1.6,0.0,2.6,1.5,5.3,0.5,1.4,115.0,102.0,1.02,0.315,1.239,0.11599999999999999,9.679,0.12117319631770498,3.376109765940277,2.7092152936645326,-0.20648000000000022,-0.4604144722757443,6.409215293664532,0.6621774246993007,0.547577229052588
160,572816,Corey Dickerson,Pirates,NL,2018.0,0.36200000000000004,130.0,18.0,4.9,20.0,4.8,6.2,3.8,-1.4,13.1,1.4,5.9,131.0,98.0,0.98,0.315,1.239,0.11599999999999999,9.679,0.1111527146295801,4.931396287328495,5.863143385483082,0.3016000000000003,0.6301470981545865,14.163143385483082,1.4632858131504372,1.3534456038846987
161,543685,Anthony Rendon,Nationals,NL,2018.0,0.36200000000000004,66.0,5.0,1.3,9.0,1.0,0.7,1.9,0.2,3.8,0.4,1.3,113.0,101.0,1.01,0.315,1.239,0.11599999999999999,9.679,0.1111527146295801,2.503631961259082,2.746992795706795,-0.07655999999999963,0.31992083444771313,5.546992795706795,0.5730956499335463,0.39260254158487445
162,594988,Scott Schebler,Reds,NL,2018.0,0.361,67.0,11.0,2.4,10.0,2.2,-1.5,2.0,-0.5,2.4,0.2,4.8,127.0,101.0,1.01,0.315,1.239,0.11599999999999999,9.679,0.1111527146295801,2.4874899112187236,2.7345380310368568,-0.07771999999999962,0.324768119818133,2.9345380310368565,0.30318607614803766,0.24795949994834177
163,571437,Aaron Altherr,Phillies,NL,2018.0,0.36,100.0,10.0,-0.1,11.0,-0.4,-0.7,2.9,-0.8,-0.7,-0.1,4.1,97.0,100.0,1.0,0.315,1.239,0.11599999999999999,9.679,0.1111527146295801,3.6319612590799015,4.116689796121891,0.0,0.4847285370419896,3.8166897961218913,0.39432687221013446,-0.07232152081826634
164,425783,Shin-Soo Choo,Rangers,AL,2018.0,0.36,154.0,21.0,2.4,20.0,0.8,0.6,4.5,-3.2,3.4,0.3,3.4,104.0,105.0,1.05,0.315,1.239,0.11599999999999999,9.679,0.12117319631770498,5.593220338983048,3.9033481060564794,-0.8932,-0.7966722329265687,6.503348106056479,0.6719028934865667,0.35127595826015084
166,446263,Lucas Duda,Royals,AL,2018.0,0.36,119.0,8.0,-2.3,12.0,-3.1,-0.6,3.5,-2.3,-2.7,-0.3,0.6,79.0,102.0,1.02,0.315,1.239,0.11599999999999999,9.679,0.12117319631770498,4.322033898305083,3.4303435364981887,-0.2760800000000003,-0.6156103618068941,3.8303435364981886,0.39573752830852243,-0.27895443744188453
167,457708,Justin Upton,Angels,AL,2018.0,0.359,148.0,22.0,-0.5,17.0,-0.6,-0.3,4.4,-1.6,3.7,0.4,4.6,96.0,97.0,0.97,0.315,1.239,0.11599999999999999,9.679,0.12117319631770498,5.255851493139627,5.005258438119287,0.5150399999999995,-0.7656330550203388,9.305258438119287,0.9613863455025609,0.38227089575369355
169,527038,Wilmer Flores,Mets,NL,2018.0,0.359,65.0,7.0,-0.8,7.0,-0.6,0.2,1.9,-0.7,-0.7,-0.1,1.4,92.0,95.0,0.95,0.315,1.239,0.11599999999999999,9.679,0.1111527146295801,2.3083131557707817,3.0003867048480752,0.377,0.31507354907729324,2.900386704848075,0.29965768207956145,-0.07232152081826634
170,521692,Salvador Perez,Royals,AL,2018.0,0.358,57.0,9.0,0.5,7.0,0.2,1.0,1.7,0.5,3.2,0.3,5.0,102.0,102.0,1.02,0.315,1.239,0.11599999999999999,9.679,0.12117319631770498,1.9782082324455197,1.5510960423363351,-0.13224000000000014,-0.29487219010918453,4.551096042336335,0.47020312453108115,0.33061266659778904
171,571466,Tucker Barnhart,Reds,NL,2018.0,0.358,105.0,7.0,0.0,12.0,-0.3,0.0,3.1,1.8,2.6,0.3,1.0,97.0,101.0,1.01,0.315,1.239,0.11599999999999999,9.679,0.1111527146295801,3.6440677966101673,4.031232760504257,-0.12179999999999941,0.5089649638940891,6.9312327605042565,0.7161104205500833,0.26862279161070357
173,429665,Edwin Encarnacion,Indians,AL,2018.0,0.35700000000000004,136.0,14.0,-0.9,15.0,-1.9,0.0,4.0,-3.4,-1.4,-0.1,0.8,88.0,102.0,1.02,0.315,1.239,0.11599999999999999,9.679,0.12117319631770498,4.610169491525427,3.5910947923175485,-0.31552000000000036,-0.7035546992078789,4.0910947923175485,0.4226774245601352,-0.1446430416365327
174,446334,Evan Longoria,Giants,NL,2018.0,0.35700000000000004,121.0,16.0,1.5,16.0,1.8,-0.4,3.6,0.4,6.1,0.6,3.8,113.0,96.0,0.96,0.315,1.239,0.11599999999999999,9.679,0.1111527146295801,4.101694915254241,5.249656445075049,0.5614400000000006,0.5865215298208074,9.549656445075048,0.9866366819996949,0.6302303957020353
175,527043,Jefry Marte,Angels,AL,2018.0,0.35700000000000004,55.0,8.0,4.0,10.0,4.0,1.1,1.6,-0.9,5.9,0.6,4.0,160.0,97.0,0.97,0.315,1.239,0.11599999999999999,9.679,0.12117319631770498,1.8644067796610186,1.771280982187244,0.19139999999999985,-0.2845257974737746,3.6712809821872443,0.3793037485470859,0.6095671040396735
176,518735,Yasmani Grandal,Dodgers,NL,2018.0,0.35600000000000004,120.0,16.0,5.5,19.0,5.8,0.0,3.5,2.0,10.9,1.1,2.0,141.0,96.0,0.96,0.315,1.239,0.11599999999999999,9.679,0.1111527146295801,3.970944309927364,5.109418554377752,0.5568000000000006,0.5816742444503875,10.209418554377752,1.054800966461179,1.126149395598719
177,456715,Lorenzo Cain,Brewers,NL,2018.0,0.35600000000000004,136.0,19.0,5.7,22.0,5.1,0.2,4.0,0.5,11.3,1.2,5.0,131.0,102.0,1.02,0.315,1.239,0.11599999999999999,9.679,0.1111527146295801,4.500403551251012,4.844114361628118,-0.31552000000000036,0.6592308103771058,11.044114361628118,1.1410387810340032,1.1674759789234426
179,543305,Aaron Hicks,Yankees,AL,2018.0,0.35600000000000004,87.0,12.0,0.5,11.0,0.0,1.2,2.6,0.2,4.5,0.5,6.7,100.0,101.0,1.01,0.315,1.239,0.11599999999999999,9.679,0.12117319631770498,2.878934624697339,2.327946545057005,-0.10091999999999951,-0.45006807964033435,6.827946545057005,0.7054392545776428,0.4649240624031408
180,542303,Marcell Ozuna,Cardinals,NL,2018.0,0.35600000000000004,128.0,9.0,-4.1,11.0,-4.0,1.5,3.8,-1.4,-0.3,0.0,2.6,74.0,97.0,0.97,0.315,1.239,0.11599999999999999,9.679,0.1111527146295801,4.235673930589188,5.3015664580029345,0.4454399999999996,0.6204525274137467,9.001566458002934,0.9300099656992389,-0.03099493749354272
181,656305,Matt Chapman,Athletics,AL,2018.0,0.354,139.0,21.0,3.2,19.0,2.8,3.1,4.1,0.5,11.6,1.2,5.0,117.0,98.0,0.98,0.315,1.239,0.11599999999999999,9.679,0.12117319631770498,4.375302663438253,3.97870837527726,0.3224800000000004,-0.719074288160994,12.778708375277262,1.3202508911330986,1.198470916416985
182,572287,Mike Zunino,Mariners,AL,2018.0,0.354,50.0,6.0,-0.8,5.0,-0.8,1.0,1.5,0.9,2.6,0.3,1.6,87.0,96.0,0.96,0.315,1.239,0.11599999999999999,9.679,0.12117319631770498,1.5738498789346236,1.5471900630493742,0.23200000000000026,-0.2586598158852496,4.947190063049375,0.5111261559096368,0.26862279161070357
183,543510,James McCann,Tigers,AL,2018.0,0.35100000000000003,106.0,10.0,0.3,13.0,-0.4,-1.0,3.1,1.9,3.6,0.4,1.5,97.0,102.0,1.02,0.315,1.239,0.11599999999999999,9.679,0.12117319631770498,3.0799031476997603,2.2856243380230308,-0.24592000000000028,-0.5483588096767291,6.28562433802303,0.6494084448830488,0.37193924992251265
184,460075,Ryan Braun,Brewers,NL,2018.0,0.35100000000000003,112.0,12.0,0.8,14.0,0.3,0.1,3.3,-1.4,2.4,0.2,4.0,102.0,102.0,1.02,0.315,1.239,0.11599999999999999,9.679,0.1111527146295801,3.2542372881355957,3.537293249622624,-0.2598400000000003,0.5428959614870283,5.6372932496226245,0.5824251730160785,0.24795949994834177
185,621035,Chris Taylor,Dodgers,NL,2018.0,0.35100000000000003,154.0,24.0,0.6,18.0,1.0,-3.4,4.5,0.6,3.5,0.4,5.9,105.0,96.0,0.96,0.315,1.239,0.11599999999999999,9.679,0.1111527146295801,4.474576271186444,5.935618218231109,0.7145600000000008,0.746481947044664,8.43561821823111,0.8715381979782115,0.36160760409133175
186,609280,Miguel Andujar,Yankees,AL,2018.0,0.349,106.0,14.0,2.4,15.0,1.8,-2.6,3.1,-0.1,2.8,0.3,3.4,114.0,101.0,1.01,0.315,1.239,0.11599999999999999,9.679,0.12117319631770498,2.908797417271991,2.2374786075952624,-0.1229599999999994,-0.5483588096767291,3.2374786075952624,0.3344848235969896,0.2892860832730654
187,607208,Trea Turner,Nationals,NL,2018.0,0.349,153.0,18.0,3.8,22.0,3.3,-0.3,4.5,1.5,12.2,1.3,6.5,118.0,101.0,1.01,0.315,1.239,0.11599999999999999,9.679,0.1111527146295801,4.198547215496365,4.76270187717061,-0.17747999999999914,0.7416346616742441,13.662701877170608,1.4115819689193727,1.2604607914040706
188,666971,Lourdes Gurriel,Blue Jays,AL,2018.0,0.348,56.0,4.0,-2.4,4.0,-2.7,0.4,1.6,0.3,-0.6,-0.1,2.4,60.0,101.0,1.01,0.315,1.239,0.11599999999999999,9.679,0.12117319631770498,1.4915254237288122,1.136866429937333,-0.06495999999999968,-0.28969899379147956,3.236866429937333,0.3344215755695147,-0.06198987498708544
189,459964,Matt Joyce,Athletics,AL,2018.0,0.34700000000000003,104.0,12.0,-0.9,11.0,-1.2,0.1,3.1,-1.1,-0.2,0.0,2.0,91.0,98.0,0.98,0.315,1.239,0.11599999999999999,9.679,0.12117319631770498,2.686037126715095,2.389304709673776,0.24128000000000027,-0.5380124170413192,3.389304709673776,0.3501709587430288,-0.020663291662361815
191,646240,Rafael Devers,Red Sox,AL,2018.0,0.34600000000000003,139.0,16.0,1.7,18.0,0.5,1.6,4.1,0.5,6.7,0.7,2.3,103.0,104.0,1.04,0.315,1.239,0.11599999999999999,9.679,0.12117319631770498,3.4778046811945145,2.11377039303352,-0.6449600000000008,-0.719074288160994,8.31377039303352,0.8589493122258002,0.6922202706891207
192,605131,Austin Barnes,Dodgers,NL,2018.0,0.345,65.0,8.0,1.7,9.0,1.8,0.2,1.9,0.6,4.1,0.4,4.1,124.0,96.0,0.96,0.315,1.239,0.11599999999999999,9.679,0.1111527146295801,1.5738498789346231,2.190523428011917,0.3016000000000003,0.31507354907729324,4.490523428011917,0.46394497654839517,0.42359747907841716
193,457803,Jay Bruce,Mets,NL,2018.0,0.345,117.0,9.0,-1.1,12.0,-0.7,-0.6,3.4,-1.3,1.3,0.1,4.3,95.0,95.0,0.95,0.315,1.239,0.11599999999999999,9.679,0.1111527146295801,2.8329297820823216,4.078662170421449,0.6786,0.5671323883391278,6.078662170421449,0.6280258467219184,0.13431139580535179
194,430945,Adam Jones,Orioles,AL,2018.0,0.345,144.0,10.0,-3.2,13.0,-4.1,-0.3,4.2,0.1,-0.6,-0.1,0.5,76.0,101.0,1.01,0.315,1.239,0.11599999999999999,9.679,0.12117319631770498,3.4866828087167034,2.5747025389671854,-0.1670399999999992,-0.7449402697495189,6.074702538967185,0.6276167516238439,-0.06198987498708544
195,541645,Avisail Garcia,White Sox,AL,2018.0,0.345,76.0,5.0,-4.2,5.0,-4.4,-1.2,2.2,-0.8,-5.2,-0.5,1.9,52.0,99.0,0.99,0.315,1.239,0.11599999999999999,9.679,0.12117319631770498,1.8401937046004821,1.5351907844549024,0.08815999999999957,-0.3931629201455794,0.7351907844549026,0.07595730803336115,-0.5372455832214071
196,455104,Chris Iannetta,Rockies,NL,2018.0,0.345,93.0,10.0,-1.0,10.0,-2.9,0.0,2.7,1.6,0.1,0.0,1.3,74.0,116.0,1.16,0.315,1.239,0.11599999999999999,9.679,0.1111527146295801,2.2518159806295377,0.9765335200785886,-1.7260799999999994,0.4507975394490503,3.9765335200785885,0.41084135965271085,0.010331645831180907
197,657557,Paul DeJong,Cardinals,NL,2018.0,0.345,125.0,19.0,3.1,18.0,3.1,0.2,3.7,1.4,9.7,1.0,1.9,121.0,97.0,0.97,0.315,1.239,0.11599999999999999,9.679,0.1111527146295801,3.026634382566583,4.067545053869069,0.4349999999999996,0.605910671302487,10.66754505386907,1.1021329738474088,1.002169645624548
198,543760,Marcus Semien,Athletics,AL,2018.0,0.344,156.0,25.0,-0.4,18.0,-0.8,2.5,4.6,1.5,8.2,0.8,4.8,96.0,98.0,0.98,0.315,1.239,0.11599999999999999,9.679,0.12117319631770498,3.651331719128325,3.2062330935663463,0.3619200000000004,-0.8070186255619788,12.206233093566347,1.2611047725556717,0.8471949581568343
199,502143,Danny Valencia,Orioles,AL,2018.0,0.344,64.0,10.0,-0.1,7.0,-0.5,-1.7,1.9,-0.8,-1.8,-0.2,2.1,94.0,101.0,1.01,0.315,1.239,0.11599999999999999,9.679,0.12117319631770498,1.497982243744954,1.0926576794118348,-0.07423999999999964,-0.3310845643331195,-0.20734232058816526,-0.021421874221320927,-0.18596962496125632
200,518626,Josh Donaldson,Blue Jays,AL,2018.0,0.344,73.0,14.0,3.1,12.0,2.6,0.8,2.2,-0.6,5.8,0.6,4.7,130.0,101.0,1.01,0.315,1.239,0.11599999999999999,9.679,0.12117319631770498,1.708635996771588,1.246312665579124,-0.08467999999999959,-0.3776433311924644,4.446312665579123,0.45937727715457416,0.5992354582084926
201,592626,Joc Pederson,Dodgers,NL,2018.0,0.34299999999999997,87.0,10.0,3.1,13.0,3.4,-0.5,2.6,-0.6,4.9,0.5,4.8,133.0,96.0,0.96,0.315,1.239,0.11599999999999999,9.679,0.1111527146295801,1.9661016949152519,2.791495522141783,0.4036800000000005,0.42171382722653095,4.291495522141783,0.44338211820867685,0.5062506457278645
202,645277,Ozzie Albies,Braves,NL,2018.0,0.34299999999999997,151.0,33.0,9.5,27.0,9.2,-2.3,4.4,0.5,12.6,1.3,6.2,151.0,99.0,0.99,0.315,1.239,0.11599999999999999,9.679,0.1111527146295801,3.4124293785310695,4.319529469464473,0.17515999999999915,0.7319400909334043,7.719529469464473,0.7975544446187078,1.3017873747287942
203,519317,Giancarlo Stanton,Yankees,AL,2018.0,0.34299999999999997,149.0,23.0,1.8,19.0,0.9,3.5,4.4,-2.4,7.5,0.8,5.7,105.0,101.0,1.01,0.315,1.239,0.11599999999999999,9.679,0.12117319631770498,3.367231638418075,2.423585387080032,-0.17283999999999916,-0.7708062513380438,9.023585387080033,0.9322848834673036,0.7748734373385681
204,596115,Trevor Story,Rockies,NL,2018.0,0.342,140.0,15.0,2.6,19.0,-0.3,-1.5,4.1,1.5,3.9,0.4,6.7,98.0,116.0,1.16,0.315,1.239,0.11599999999999999,9.679,0.1111527146295801,3.050847457627121,1.1310674094859077,-2.598399999999999,0.6786199518587854,5.331067409485907,0.5507870037695947,0.40293418741605536
206,592192,Mark Canha,Athletics,AL,2018.0,0.341,76.0,12.0,3.4,12.0,3.2,-0.8,2.2,0.0,5.2,0.5,1.7,134.0,98.0,0.98,0.315,1.239,0.11599999999999999,9.679,0.12117319631770498,1.5948345439870877,1.3779916238415084,0.1763200000000002,-0.3931629201455794,3.3779916238415084,0.34900213078226144,0.5372455832214071
208,572039,Stephen Piscotty,Athletics,AL,2018.0,0.341,125.0,12.0,-1.6,13.0,-1.9,-4.0,3.7,-1.4,-4.8,-0.5,1.4,87.0,98.0,0.98,0.315,1.239,0.11599999999999999,9.679,0.12117319631770498,2.62308313155771,2.2664335918445864,0.2900000000000003,-0.646649539713124,-0.6335664081554135,-0.06545783739595139,-0.49591899989668353
209,593160,Whit Merrifield,Royals,AL,2018.0,0.341,144.0,15.0,-1.7,15.0,-2.7,-0.8,4.2,0.0,2.6,0.3,3.8,85.0,102.0,1.02,0.315,1.239,0.11599999999999999,9.679,0.12117319631770498,3.0217917675544816,1.9427714978049626,-0.3340800000000004,-0.7449402697495189,7.242771497804963,0.7482974995149254,0.26862279161070357
214,435263,Brian McCann,Astros,AL,2018.0,0.337,85.0,12.0,2.6,13.0,2.6,-1.0,2.5,1.7,5.9,0.6,1.7,125.0,97.0,0.97,0.315,1.239,0.11599999999999999,9.679,0.12117319631770498,1.5092816787732055,1.3653599917682808,0.29579999999999973,-0.4397216870049243,4.665359991768281,0.48200847109910955,0.6095671040396735
216,543068,C.J. Cron,Rays,AL,2018.0,0.337,130.0,16.0,2.3,17.0,2.1,-0.2,3.8,-2.6,3.6,0.4,2.0,113.0,97.0,0.97,0.315,1.239,0.11599999999999999,9.679,0.12117319631770498,2.3083131557707848,2.088197634469135,0.4523999999999996,-0.6725155213016489,3.588197634469135,0.3707198713161623,0.37193924992251265
220,475247,Ryan Flaherty,Braves,NL,2018.0,0.335,101.0,12.0,4.1,16.0,3.9,-0.1,3.0,0.3,6.8,0.7,3.2,132.0,99.0,0.99,0.315,1.239,0.11599999999999999,9.679,0.1111527146295801,1.6303470540758689,2.237082876488278,0.11715999999999943,0.4895758224124095,5.137082876488278,0.5307452088530094,0.7025519165203017
221,516770,Starlin Castro,Marlins,NL,2018.0,0.33399999999999996,135.0,17.0,1.9,18.0,2.0,0.6,4.0,0.5,6.1,0.6,3.3,112.0,97.0,0.97,0.315,1.239,0.11599999999999999,9.679,0.1111527146295801,2.0702179176755404,3.194401442682226,0.4697999999999996,0.654383525006686,7.294401442682226,0.7536317225624781,0.6302303957020353
223,575929,Willson Contreras,Cubs,NL,2018.0,0.332,116.0,7.0,-0.5,13.0,-0.8,-0.3,3.4,1.9,2.5,0.3,2.2,94.0,100.0,1.0,0.315,1.239,0.11599999999999999,9.679,0.1111527146295801,1.5916061339790166,2.1538912369477243,0.0,0.5622851029687079,5.453891236947724,0.5634767266192503,0.25829114577952267
224,572122,Kyle Seager,Mariners,AL,2018.0,0.332,136.0,13.0,-2.1,14.0,-2.1,-1.8,4.0,0.5,-0.1,0.0,1.2,87.0,96.0,0.96,0.315,1.239,0.11599999999999999,9.679,0.12117319631770498,1.866020984665054,1.7935062854571757,0.6310400000000007,-0.7035546992078789,3.793506285457176,0.39193163399702197,-0.010331645831180907
225,571980,Tyler Naquin,Indians,AL,2018.0,0.332,70.0,6.0,0.7,9.0,0.2,2.1,2.1,-0.9,3.6,0.4,1.5,102.0,102.0,1.02,0.315,1.239,0.11599999999999999,9.679,0.12117319631770498,0.9604519774011308,0.4359282351617811,-0.16240000000000018,-0.36212374223934946,3.835928235161781,0.3963145195951835,0.37193924992251265
226,592669,Hunter Renfroe,Padres,NL,2018.0,0.331,57.0,10.0,-0.3,6.0,-0.1,1.1,1.7,-0.6,0.8,0.1,5.1,98.0,95.0,0.95,0.315,1.239,0.11599999999999999,9.679,0.1111527146295801,0.7360774818401943,1.3429727479541285,0.3306,0.27629526611393407,2.2429727479541284,0.23173600040852654,0.08265316664944726
227,546318,Odubel Herrera,Phillies,NL,2018.0,0.331,128.0,16.0,5.5,20.0,5.2,-1.7,3.8,0.5,7.4,0.8,3.7,135.0,100.0,1.0,0.315,1.239,0.11599999999999999,9.679,0.1111527146295801,1.652945924132366,2.2733984515461128,0.0,0.6204525274137467,4.473398451546113,0.46217568463127523,0.7645417915073871
228,650402,Gleyber Torres,Yankees,AL,2018.0,0.331,52.0,6.0,1.5,7.0,1.1,0.5,1.5,0.2,4.4,0.5,4.0,118.0,101.0,1.01,0.315,1.239,0.11599999999999999,9.679,0.12117319631770498,0.6715092816787738,0.34218307315811447,-0.06031999999999971,-0.2690062085206596,3.642183073158115,0.376297455641917,0.4545924165719599
229,664068,Scott Kingery,Phillies,NL,2018.0,0.331,108.0,12.0,-3.6,9.0,-3.9,-0.3,3.2,0.3,1.1,0.1,5.5,70.0,100.0,1.0,0.315,1.239,0.11599999999999999,9.679,0.1111527146295801,1.394673123486684,1.9181799434920328,0.0,0.5235068200053488,6.918179943492033,0.7147618497253883,0.11364810414298998
230,519203,Anthony Rizzo,Cubs,NL,2018.0,0.33,102.0,11.0,-3.7,8.0,-4.0,0.5,3.0,-1.7,-2.5,-0.3,2.1,67.0,100.0,1.0,0.315,1.239,0.11599999999999999,9.679,0.1111527146295801,1.234866828087168,1.7292899358699974,0.0,0.4944231077828294,3.229289935869997,0.33363879903605714,-0.25829114577952267
231,405395,Albert Pujols,Angels,AL,2018.0,0.33,140.0,16.0,-0.5,16.0,-0.6,-0.7,4.1,-2.8,0.3,0.0,1.4,96.0,97.0,0.97,0.315,1.239,0.11599999999999999,9.679,0.12117319631770498,1.6949152542372894,1.45786776975859,0.4871999999999996,-0.7242474844786989,2.35786776975859,0.24360654713902158,0.03099493749354272
232,435062,Howie Kendrick,Nationals,NL,2018.0,0.33,127.0,12.0,2.2,17.0,1.7,-0.7,3.7,0.3,3.5,0.4,2.8,111.0,101.0,1.01,0.315,1.239,0.11599999999999999,9.679,0.1111527146295801,1.5375302663438268,2.0058155083871543,-0.14731999999999928,0.6156052420433268,3.8058155083871545,0.3932033793147179,0.36160760409133175
233,451594,Dexter Fowler,Cardinals,NL,2018.0,0.32899999999999996,126.0,17.0,-5.1,10.0,-5.1,-2.0,3.7,-1.3,-4.7,-0.5,4.3,66.0,97.0,0.97,0.315,1.239,0.11599999999999999,9.679,0.1111527146295801,1.4237288135593174,2.472966770232224,0.43847999999999965,0.6107579566729069,2.8729667702322237,0.29682475154791027,-0.48558735406550263
234,502210,Josh Reddick,Astros,AL,2018.0,0.32899999999999996,119.0,20.0,2.1,16.0,2.0,1.5,3.5,-1.4,6.3,0.7,3.2,114.0,97.0,0.97,0.315,1.239,0.11599999999999999,9.679,0.12117319631770498,1.3446327683615775,1.143142406554683,0.41411999999999966,-0.6156103618068941,5.443142406554683,0.562366195532047,0.6508936873643971
235,516782,Starling Marte,Pirates,NL,2018.0,0.32799999999999996,147.0,23.0,4.8,22.0,4.7,-1.7,4.3,0.5,9.7,1.0,7.6,127.0,98.0,0.98,0.315,1.239,0.11599999999999999,9.679,0.1111527146295801,1.542372881355927,2.5959638308076523,0.3410400000000004,0.7125509494517247,7.595963830807651,0.7847880804636482,1.002169645624548
236,444876,Alcides Escobar,Royals,AL,2018.0,0.32799999999999996,130.0,15.0,-4.6,10.0,-5.5,-1.4,3.8,1.5,-1.3,-0.1,5.5,65.0,102.0,1.02,0.315,1.239,0.11599999999999999,9.679,0.12117319631770498,1.3640032284100032,0.38988770710835396,-0.3016000000000003,-0.6725155213016489,4.589887707108354,0.4742109419473452,-0.13431139580535179
237,516416,Jean Segura,Mariners,AL,2018.0,0.32799999999999996,144.0,23.0,2.0,19.0,2.0,-1.0,4.2,1.5,7.6,0.8,6.8,111.0,96.0,0.96,0.315,1.239,0.11599999999999999,9.679,0.12117319631770498,1.5108958837772344,1.4341156140277165,0.6681600000000008,-0.7449402697495189,7.034115614027716,0.7267399125971398,0.7852050831697489
238,553988,Dixon Machado,Tigers,AL,2018.0,0.32799999999999996,121.0,14.0,-6.2,8.0,-7.0,-0.2,3.6,0.5,-2.5,-0.3,3.0,52.0,102.0,1.02,0.315,1.239,0.11599999999999999,9.679,0.12117319631770498,1.269572235673926,0.36289548123162174,-0.2807200000000003,-0.625956754442304,4.862895481231622,0.5024171382613515,-0.25829114577952267
239,600869,Jeimer Candelario,Tigers,AL,2018.0,0.32799999999999996,143.0,19.0,6.3,23.0,5.3,0.8,4.2,0.5,10.7,1.1,4.1,131.0,102.0,1.02,0.315,1.239,0.11599999999999999,9.679,0.12117319631770498,1.5004035512510037,0.42887647781918947,-0.3317600000000004,-0.7397670734318139,5.828876477819189,0.6022188736252907,1.105486103936357
240,518960,Jonathan Lucroy,Athletics,AL,2018.0,0.326,97.0,11.0,1.0,12.0,0.7,1.0,2.9,1.9,4.0,0.4,1.6,106.0,98.0,0.98,0.315,1.239,0.11599999999999999,9.679,0.12117319631770498,0.8611783696529467,0.5844183268355628,0.22504000000000024,-0.5018000428173842,3.8844183268355628,0.40132434413013357,0.41326583324723626
241,571697,Scooter Gennett,Reds,NL,2018.0,0.326,129.0,12.0,0.2,15.0,-0.2,-2.9,3.8,0.3,0.9,0.1,2.8,99.0,101.0,1.01,0.315,1.239,0.11599999999999999,9.679,0.1111527146295801,1.1452784503631972,1.6209382631473646,-0.14963999999999927,0.6252998127841666,2.7209382631473646,0.28111770463347086,0.09298481248062816
242,624424,Michael Conforto,Mets,NL,2018.0,0.326,95.0,13.0,-2.7,8.0,-2.4,2.8,2.8,0.1,2.1,0.2,3.1,79.0,95.0,0.95,0.315,1.239,0.11599999999999999,9.679,0.1111527146295801,0.8434221146085559,1.854914224798446,0.5509999999999999,0.4604921101898901,6.354914224798446,0.656567230581511,0.21696456245479906
243,545341,Randal Grichuk,Blue Jays,AL,2018.0,0.326,77.0,6.0,-7.0,2.0,-7.5,1.1,2.3,-1.0,-4.1,-0.4,4.2,20.0,101.0,1.01,0.315,1.239,0.11599999999999999,9.679,0.12117319631770498,0.6836158192090401,0.19595970274575625,-0.08931999999999957,-0.3983361164632844,3.5959597027457564,0.37152182071967726,-0.42359747907841716
244,501659,Abraham Almonte,Royals,AL,2018.0,0.325,58.0,6.0,-0.3,6.0,-0.6,0.6,1.7,0.1,1.1,0.1,2.5,91.0,102.0,1.02,0.315,1.239,0.11599999999999999,9.679,0.12117319631770498,0.468119451170299,0.03351406474340929,-0.13456000000000015,-0.30004538642688955,1.7335140647434095,0.17910053360299716,0.11364810414298998
245,431145,Russell Martin,Blue Jays,AL,2018.0,0.325,91.0,10.0,-2.5,8.0,-3.0,-1.0,2.7,1.7,-1.2,-0.1,1.4,72.0,101.0,1.01,0.315,1.239,0.11599999999999999,9.679,0.12117319631770498,0.7344632768361588,0.158142411925005,-0.10555999999999949,-0.4707608649111543,1.958142411925005,0.20230833887023505,-0.12397974997417088
246,640461,Chad Pinder,Athletics,AL,2018.0,0.325,54.0,7.0,2.3,9.0,2.1,2.0,1.6,-0.5,5.0,0.5,2.4,133.0,98.0,0.98,0.315,1.239,0.11599999999999999,9.679,0.12117319631770498,0.4358353510895887,0.2817627499335193,0.12528000000000014,-0.2793526011560696,3.1817627499335193,0.32872845851157345,0.5165822915590453
248,649557,Aledmys Diaz,Blue Jays,AL,2018.0,0.322,108.0,15.0,-1.4,11.0,-2.1,0.7,3.2,1.3,2.6,0.3,3.6,84.0,101.0,1.01,0.315,1.239,0.11599999999999999,9.679,0.12117319631770498,0.6101694915254242,-0.07381571078671434,-0.1252799999999994,-0.5587052023121392,4.626184289213286,0.4779609762592505,0.26862279161070357
249,598265,Jackie Bradley Jr.,Red Sox,AL,2018.0,0.322,117.0,14.0,-6.3,7.0,-7.4,-0.3,3.4,0.1,-3.0,-0.3,5.2,48.0,104.0,1.04,0.315,1.239,0.11599999999999999,9.679,0.12117319631770498,0.6610169491525429,-0.4871270200189417,-0.5428800000000006,-0.6052639691714841,3.9128729799810587,0.40426417811561716,-0.3099493749354272
250,571657,Kyle Farmer,Dodgers,NL,2018.0,0.321,56.0,1.0,-1.9,5.0,-1.7,1.3,1.6,0.2,1.2,0.1,0.1,74.0,96.0,0.96,0.315,1.239,0.11599999999999999,9.679,0.1111527146295801,0.2711864406779663,0.8024744214214807,0.2598400000000003,0.2714479807435142,3.7024744214214804,0.3825265442113318,0.12397974997417088
251,605119,Brian Anderson,Marlins,NL,2018.0,0.321,135.0,13.0,1.7,17.0,1.8,-0.2,4.0,0.1,5.3,0.5,2.1,111.0,97.0,0.97,0.315,1.239,0.11599999999999999,9.679,0.1111527146295801,0.6537530266343831,1.7779365516410688,0.4697999999999996,0.654383525006686,5.277936551641069,0.5452977117099979,0.547577229052588
252,543401,Jason Kipnis,Indians,AL,2018.0,0.321,148.0,17.0,-8.1,9.0,-9.2,1.7,4.4,0.4,-2.3,-0.2,2.2,49.0,102.0,1.02,0.315,1.239,0.11599999999999999,9.679,0.12117319631770498,0.7167070217917682,-0.3922860332285711,-0.3433600000000004,-0.7656330550203388,6.507713966771428,0.6723539587531179,-0.23762785411716084
253,641313,Tim Anderson,White Sox,AL,2018.0,0.321,127.0,15.0,1.7,16.0,1.3,-1.5,3.7,1.4,6.4,0.7,7.1,108.0,99.0,0.99,0.315,1.239,0.11599999999999999,9.679,0.12117319631770498,0.6150121065375308,0.1053361741889961,0.14731999999999928,-0.656995932348534,5.2053361741889965,0.5377968978395492,0.6612253331955781
255,543063,Brandon Crawford,Giants,NL,2018.0,0.32,116.0,11.0,-3.9,10.0,-3.7,1.7,3.4,1.3,3.4,0.3,3.0,73.0,96.0,0.96,0.315,1.239,0.11599999999999999,9.679,0.1111527146295801,0.468119451170299,1.5686445541390075,0.5382400000000006,0.5622851029687079,8.668644554139007,0.8956136536975935,0.35127595826015084
257,621020,Dansby Swanson,Braves,NL,2018.0,0.319,122.0,13.0,1.6,16.0,1.4,2.9,3.6,1.3,9.2,1.0,4.8,110.0,99.0,0.99,0.315,1.239,0.11599999999999999,9.679,0.1111527146295801,0.3938660209846654,1.1267548361758921,0.1415199999999993,0.5913688151912273,8.926754836175892,0.9222806938915066,0.9505114164686433
258,570560,Yolmer Sanchez,White Sox,AL,2018.0,0.318,122.0,11.0,1.9,16.0,1.4,1.5,3.6,0.3,6.0,0.6,6.3,110.0,99.0,0.99,0.315,1.239,0.11599999999999999,9.679,0.12117319631770498,0.29539951573849904,-0.19421043502151064,0.1415199999999993,-0.631129950760009,4.405789564978489,0.4551905739207035,0.6198987498708544
259,592348,Niko Goodrum,Tigers,AL,2018.0,0.318,56.0,4.0,-1.6,5.0,-2.0,-1.3,1.6,-0.7,-1.2,-0.1,4.8,71.0,102.0,1.02,0.315,1.239,0.11599999999999999,9.679,0.12117319631770498,0.13559322033898316,-0.2840257734524966,-0.12992000000000015,-0.28969899379147956,0.5159742265475035,0.05330862966706307,-0.12397974997417088
260,641355,Cody Bellinger,Dodgers,NL,2018.0,0.318,136.0,23.0,2.6,18.0,2.9,1.3,4.0,-2.4,7.1,0.7,6.4,118.0,96.0,0.96,0.315,1.239,0.11599999999999999,9.679,0.1111527146295801,0.3292978208232448,1.6195686312003514,0.6310400000000007,0.6592308103771058,5.819568631200351,0.6012572198781229,0.7335468540138443
261,571918,Deven Marrero,Diamondbacks,NL,2018.0,0.318,51.0,8.0,-3.7,2.0,-3.9,1.5,1.5,0.2,-0.6,-0.1,9.3,36.0,105.0,1.05,0.315,1.239,0.11599999999999999,9.679,0.1111527146295801,0.1234866828087168,0.07489823670013154,-0.29579999999999995,0.2472115538914147,3.3748982367001314,0.34868253297862706,-0.06198987498708544
262,456078,Welington Castillo,White Sox,AL,2018.0,0.317,78.0,8.0,-1.3,8.0,-1.6,0.0,2.3,1.3,1.6,0.2,1.3,83.0,99.0,0.99,0.315,1.239,0.11599999999999999,9.679,0.12117319631770498,0.12590799031477007,-0.18712132246621976,0.09047999999999956,-0.4035093127809894,3.0128786775337804,0.3112799542859572,0.16530633329889452
263,643217,Andrew Benintendi,Red Sox,AL,2018.0,0.317,133.0,20.0,1.5,17.0,0.3,-1.0,3.9,-0.7,3.8,0.4,8.2,102.0,104.0,1.04,0.315,1.239,0.11599999999999999,9.679,0.12117319631770498,0.21468926553672335,-1.0904658447180413,-0.6171200000000007,-0.6880351102547639,2.4095341552819587,0.24894453510506856,0.39260254158487445
264,489149,Logan Morrison,Twins,AL,2018.0,0.316,108.0,11.0,-3.3,9.0,-4.1,0.4,3.2,-2.4,-2.0,-0.2,1.4,69.0,102.0,1.02,0.315,1.239,0.11599999999999999,9.679,0.12117319631770498,0.08716707021791775,-0.7220981320942217,-0.2505600000000003,-0.5587052023121392,1.377901867905778,0.14235994089325116,-0.20663291662361813
265,596144,Cheslor Cuthbert,Royals,AL,2018.0,0.315,105.0,10.0,-2.9,9.0,-3.6,-0.7,3.1,-1.3,-3.5,-0.4,1.8,71.0,102.0,1.02,0.315,1.239,0.11599999999999999,9.679,0.12117319631770498,0.0,-0.7867856133590244,-0.24360000000000026,-0.5431856133590242,-0.6867856133590243,-0.07095625719175785,-0.36160760409133175
267,455117,Martin Maldonado,Angels,AL,2018.0,0.313,85.0,8.0,-2.3,8.0,-2.4,0.0,2.5,1.8,2.0,0.2,1.7,77.0,97.0,0.97,0.315,1.239,0.11599999999999999,9.679,0.12117319631770498,-0.13720742534301866,-0.28112911234794324,0.29579999999999973,-0.4397216870049243,4.118870887652057,0.42554715235582774,0.20663291662361813
268,445055,Jon Jay,Royals,AL,2018.0,0.313,136.0,10.0,-1.4,14.0,-2.3,2.5,4.0,-1.3,0.7,0.1,3.2,86.0,102.0,1.02,0.315,1.239,0.11599999999999999,9.679,0.12117319631770498,-0.21953188054882988,-1.2386065797567092,-0.31552000000000036,-0.7035546992078789,1.7613934202432908,0.18198092987326075,0.07232152081826634
270,571771,Enrique Hernandez,Dodgers,NL,2018.0,0.311,92.0,9.0,0.6,11.0,0.8,-0.2,2.7,0.1,4.7,0.5,3.0,107.0,96.0,0.96,0.315,1.239,0.11599999999999999,9.679,0.1111527146295801,-0.2970137207425345,0.5758165333360964,0.4268800000000005,0.4459502540786304,4.475816533336097,0.46242551227772466,0.48558735406550263
272,500743,Miguel Rojas,Marlins,NL,2018.0,0.31,130.0,10.0,-3.1,12.0,-3.0,2.6,3.8,1.1,4.5,0.5,3.3,80.0,97.0,0.97,0.315,1.239,0.11599999999999999,9.679,0.1111527146295801,-0.5246166263115419,0.5579304718430441,0.4523999999999996,0.6301470981545865,8.057930471843044,0.8325168376736278,0.4649240624031408
273,570267,Domingo Santana,Brewers,NL,2018.0,0.31,118.0,9.0,-1.1,13.0,-1.7,1.3,3.5,-1.2,1.5,0.2,1.9,88.0,102.0,1.02,0.315,1.239,0.11599999999999999,9.679,0.1111527146295801,-0.47619047619047655,-0.17797080248092922,-0.27376000000000034,0.5719796737095477,3.022029197519071,0.31222535360254894,0.1549746874677136
275,642708,Amed Rosario,Mets,NL,2018.0,0.309,104.0,12.0,-4.7,7.0,-4.4,-0.3,3.1,1.3,0.5,0.1,5.0,65.0,95.0,0.95,0.315,1.239,0.11599999999999999,9.679,0.1111527146295801,-0.5036319612590803,0.6036857172645889,0.6032,0.5041176785236692,5.503685717264589,0.568621315969066,0.05165822915590453
277,400284,Chase Utley,Dodgers,NL,2018.0,0.309,86.0,12.0,1.7,12.0,2.0,-0.1,2.5,0.3,6.3,0.7,6.8,119.0,96.0,0.96,0.315,1.239,0.11599999999999999,9.679,0.1111527146295801,-0.4164648910411626,0.3994416508149489,0.39904000000000045,0.41686654185611105,4.699441650814949,0.48552966740520187,0.6508936873643971
279,457727,Cameron Maybin,Marlins,NL,2018.0,0.309,98.0,8.0,-2.7,9.0,-2.7,0.0,2.9,-0.8,-1.9,-0.2,4.4,77.0,97.0,0.97,0.315,1.239,0.11599999999999999,9.679,0.1111527146295801,-0.4745762711864411,0.3414976951147084,0.3410399999999997,0.4750339663011498,1.1414976951147087,0.11793549903034493,-0.19630127079243723
280,545358,Max Stassi,Astros,AL,2018.0,0.308,52.0,5.0,1.1,7.0,1.0,0.0,1.5,1.0,3.4,0.4,0.9,116.0,97.0,0.97,0.315,1.239,0.11599999999999999,9.679,0.12117319631770498,-0.2937853107344635,-0.38183151925512326,0.18095999999999984,-0.2690062085206596,2.0181684807448765,0.20851001970708508,0.35127595826015084
281,435522,Neil Walker,Yankees,AL,2018.0,0.308,99.0,12.0,-7.9,4.0,-8.5,-1.1,2.9,-1.5,-7.1,-0.7,2.5,29.0,101.0,1.01,0.315,1.239,0.11599999999999999,9.679,0.12117319631770498,-0.5593220338983055,-1.1863084693510992,-0.11483999999999944,-0.5121464354527943,0.21369153064890112,0.022077852117873862,-0.7335468540138443
282,605512,Preston Tucker,Braves,NL,2018.0,0.308,85.0,9.0,1.3,11.0,1.1,0.6,2.5,-0.8,3.3,0.3,1.2,111.0,99.0,0.99,0.315,1.239,0.11599999999999999,9.679,0.1111527146295801,-0.4802259887005654,0.0303932677851253,0.09859999999999952,0.41201925648569115,2.230393267785125,0.23043633307006148,0.3409443124289699
283,605137,Josh Bell,Pirates,NL,2018.0,0.308,141.0,17.0,-3.3,13.0,-3.3,-1.4,4.2,-2.4,-3.4,-0.4,3.8,80.0,98.0,0.98,0.315,1.239,0.11599999999999999,9.679,0.1111527146295801,-0.7966101694915261,0.2139770677376796,0.32712000000000035,0.6834672372292053,0.11397706773767952,0.011775706967422203,-0.35127595826015084
285,446359,Zack Cozart,Angels,AL,2018.0,0.307,124.0,15.0,-1.8,13.0,-1.9,-1.9,3.7,0.6,0.6,0.1,4.5,87.0,97.0,0.97,0.315,1.239,0.11599999999999999,9.679,0.12117319631770498,-0.8006456820016149,-1.0106020253970343,0.4315199999999996,-0.641476343395419,1.4893979746029657,0.15387932375276017,0.06198987498708544
287,595777,Jurickson Profar,Rangers,AL,2018.0,0.306,108.0,10.0,-1.0,12.0,-2.1,-2.0,3.2,1.0,1.0,0.1,4.9,84.0,105.0,1.05,0.315,1.239,0.11599999999999999,9.679,0.12117319631770498,-0.7845036319612597,-1.9696088342733988,-0.6264,-0.5587052023121392,1.1303911657266013,0.11678801174982965,0.10331645831180906
288,491676,Gorkys Hernandez,Giants,NL,2018.0,0.305,56.0,6.0,-1.1,5.0,-0.9,-0.9,1.6,-0.4,-0.5,-0.1,4.9,86.0,96.0,0.96,0.315,1.239,0.11599999999999999,9.679,0.1111527146295801,-0.4519774011299439,0.07931057961357058,0.2598400000000003,0.2714479807435142,0.4793105796135706,0.049520671517054506,-0.05165822915590453
289,593934,Miguel Sano,Twins,AL,2018.0,0.305,90.0,12.0,0.2,11.0,-0.5,-1.8,2.7,0.1,0.9,0.1,1.6,96.0,102.0,1.02,0.315,1.239,0.11599999999999999,9.679,0.12117319631770498,-0.7263922518159812,-1.4007799204094307,-0.20880000000000024,-0.4655876685934493,-0.0007799204094307566,-8.057861446748182e-05,0.09298481248062816
290,543281,Josh Harrison,Pirates,NL,2018.0,0.304,64.0,12.0,-0.6,7.0,-0.7,1.1,1.9,0.2,3.8,0.4,5.1,91.0,98.0,0.98,0.315,1.239,0.11599999999999999,9.679,0.1111527146295801,-0.5682001614205009,-0.10949389771362739,0.14848000000000017,0.31022626370687334,4.3905061022863725,0.45361154068461335,0.39260254158487445
293,444489,Manny Pina,Brewers,NL,2018.0,0.303,72.0,6.0,-3.0,5.0,-3.4,0.0,2.1,1.4,-1.5,-0.2,0.8,61.0,102.0,1.02,0.315,1.239,0.11599999999999999,9.679,0.1111527146295801,-0.697336561743342,-0.5153720150731097,-0.1670400000000002,0.3490045466702325,1.3846279849268903,0.14305485948206326,-0.1549746874677136
294,446386,Brandon Guyer,Indians,AL,2018.0,0.303,58.0,4.0,-1.6,5.0,-2.0,-0.5,1.7,-0.7,-1.4,-0.1,0.6,72.0,102.0,1.02,0.315,1.239,0.11599999999999999,9.679,0.12117319631770498,-0.5617433414043588,-0.9963487278312484,-0.13456000000000015,-0.30004538642688955,-0.3963487278312483,-0.04094934681591572,-0.1446430416365327
295,448801,Chris Davis,Orioles,AL,2018.0,0.303,121.0,5.0,-7.2,7.0,-8.0,0.2,3.6,-2.2,-6.4,-0.7,0.1,46.0,101.0,1.01,0.315,1.239,0.11599999999999999,9.679,0.12117319631770498,-1.171912832929783,-1.9382295873720863,-0.14035999999999932,-0.625956754442304,-0.33822958737208664,-0.03494468306354857,-0.6612253331955781
296,595751,Jorge Alfaro,Phillies,NL,2018.0,0.302,78.0,5.0,-3.2,6.0,-3.4,-1.0,2.3,1.5,-0.4,0.0,0.2,63.0,100.0,1.0,0.315,1.239,0.11599999999999999,9.679,0.1111527146295801,-0.8184019370460055,-0.4403136781532536,0.0,0.3780882588927519,2.5596863218467463,0.26445772516238725,-0.04132658332472363
298,624577,Yasiel Puig,Dodgers,NL,2018.0,0.3,96.0,11.0,-6.8,4.0,-6.6,2.6,2.8,-1.0,-0.6,-0.1,5.7,42.0,96.0,0.96,0.315,1.239,0.11599999999999999,9.679,0.1111527146295801,-1.16222760290557,-0.2514482073452595,0.4454400000000005,0.46533939556031,5.748551792654741,0.5939200116390888,-0.06198987498708544
299,594694,Wilmer Difo,Nationals,NL,2018.0,0.3,104.0,15.0,2.9,15.0,2.6,1.7,3.1,0.4,8.9,0.9,3.6,121.0,101.0,1.01,0.315,1.239,0.11599999999999999,9.679,0.1111527146295801,-1.2590799031477007,-0.8756022246240309,-0.12063999999999941,0.5041176785236692,5.42439777537597,0.5604295666263012,0.9195164789751007
301,572008,Chris Owings,Diamondbacks,NL,2018.0,0.299,98.0,12.0,-1.8,10.0,-2.1,1.6,2.9,-0.7,1.4,0.1,3.3,82.0,105.0,1.05,0.315,1.239,0.11599999999999999,9.679,0.1111527146295801,-1.2655367231638428,-1.358902756862693,-0.5684,0.4750339663011498,2.141097243137307,0.2212105840621249,0.1446430416365327
302,607468,Alex Blandino,Reds,NL,2018.0,0.298,60.0,6.0,-2.0,5.0,-2.2,-0.9,1.8,0.2,-0.9,-0.1,1.4,69.0,101.0,1.01,0.315,1.239,0.11599999999999999,9.679,0.1111527146295801,-0.8232445520581121,-0.602007429832918,-0.06959999999999966,0.29083712222519376,0.6979925701670823,0.07211412027761982,-0.09298481248062816
303,605113,Nick Ahmed,Diamondbacks,NL,2018.0,0.298,113.0,13.0,-0.2,13.0,-0.5,-1.7,3.3,1.3,1.3,0.1,2.6,96.0,105.0,1.05,0.315,1.239,0.11599999999999999,9.679,0.1111527146295801,-1.5504439063761108,-1.6581006595186625,-0.6554,0.5477432468574482,0.14189934048133757,0.014660537295313313,0.13431139580535179
304,605548,Bradley Zimmer,Indians,AL,2018.0,0.297,102.0,14.0,-2.3,9.0,-3.1,3.8,3.0,0.4,5.3,0.6,5.5,75.0,102.0,1.02,0.315,1.239,0.11599999999999999,9.679,0.12117319631770498,-1.4818401937046017,-2.2461462181105114,-0.23664000000000027,-0.5276660244059093,6.153853781889489,0.635794377713554,0.547577229052588
305,592696,Eddie Rosario,Twins,AL,2018.0,0.297,118.0,17.0,3.3,17.0,2.4,0.0,3.5,-1.2,6.3,0.6,6.7,117.0,102.0,1.02,0.315,1.239,0.11599999999999999,9.679,0.12117319631770498,-1.7142857142857157,-2.598482879774905,-0.27376000000000034,-0.6104371654891891,1.3015171202250948,0.1344681392938418,0.6508936873643971
306,600474,Pedro Severino,Nationals,NL,2018.0,0.297,65.0,6.0,-0.5,7.0,-0.7,0.0,1.9,1.3,2.4,0.2,3.6,91.0,101.0,1.01,0.315,1.239,0.11599999999999999,9.679,0.1111527146295801,-0.9443099273607756,-0.704636378283482,-0.07539999999999963,0.31507354907729324,2.3953636217165175,0.24748048576469855,0.24795949994834177
308,493316,Yoenis Cespedes,Mets,NL,2018.0,0.29600000000000004,133.0,15.0,0.3,16.0,0.7,-2.4,3.9,-1.3,3.0,0.3,4.1,104.0,95.0,0.95,0.315,1.239,0.11599999999999999,9.679,0.1111527146295801,-2.039548022598866,-0.6234590683330198,0.7714,0.6446889542658462,1.6765409316669801,0.17321427127461309,0.3099493749354272
309,543829,Dee Gordon,Mariners,AL,2018.0,0.29600000000000004,137.0,20.0,4.7,21.0,4.6,-2.7,4.0,0.3,9.4,1.0,7.7,128.0,96.0,0.96,0.315,1.239,0.11599999999999999,9.679,0.12117319631770498,-2.100887812752215,-2.1739357082777984,0.6356800000000007,-0.7087278955255839,2.6260642917222023,0.27131566191984735,0.9711747081310053
312,572821,Brian Dozier,Twins,AL,2018.0,0.294,136.0,17.0,-0.2,16.0,-1.2,-1.1,4.0,0.4,2.9,0.3,4.4,92.0,102.0,1.02,0.315,1.239,0.11599999999999999,9.679,0.12117319631770498,-2.3050847457627137,-3.3241594449705927,-0.31552000000000036,-0.7035546992078789,0.775840555029407,0.08015709836030653,0.2996177291042463
314,467827,Gerardo Parra,Rockies,NL,2018.0,0.294,101.0,14.0,-2.4,9.0,-4.5,-0.3,3.0,-1.1,-1.6,-0.2,4.9,62.0,116.0,1.16,0.315,1.239,0.11599999999999999,9.679,0.1111527146295801,-1.7118644067796622,-3.096848584367252,-1.8745599999999993,0.4895758224124095,-0.19684858436725206,-0.020337698560517828,-0.16530633329889452
315,605480,Mallex Smith,Rays,AL,2018.0,0.294,101.0,11.0,4.6,16.0,4.4,-1.5,3.0,-0.3,7.3,0.8,7.0,136.0,97.0,0.97,0.315,1.239,0.11599999999999999,9.679,0.12117319631770498,-1.7118644067796622,-1.8828772348678668,0.3514799999999997,-0.5224928280882042,1.0171227651321326,0.10508552176176594,0.7542101456762061
317,608384,Nick Williams,Phillies,NL,2018.0,0.293,64.0,7.0,-4.3,3.0,-4.4,-1.5,1.9,-0.6,-4.5,-0.5,4.5,42.0,100.0,1.0,0.315,1.239,0.11599999999999999,9.679,0.1111527146295801,-1.1364003228410018,-0.8261740591341284,0.0,0.31022626370687334,-0.9261740591341281,-0.09568902357001013,-0.4649240624031408
318,605233,Derek Fisher,Astros,AL,2018.0,0.293,58.0,10.0,-2.3,4.0,-2.4,1.8,1.7,-0.8,1.7,0.2,9.2,66.0,97.0,0.97,0.315,1.239,0.11599999999999999,9.679,0.12117319631770498,-1.0298627925746577,-1.1280681790015474,0.20183999999999983,-0.30004538642688955,2.971931820998452,0.3070494700897254,0.17563797913007542
320,543257,Robbie Grossman,Twins,AL,2018.0,0.292,73.0,3.0,-4.2,4.0,-4.7,0.4,2.2,-1.0,-3.1,-0.3,0.3,46.0,102.0,1.02,0.315,1.239,0.11599999999999999,9.679,0.12117319631770498,-1.355125100887814,-1.9021284320802785,-0.16936000000000018,-0.3776433311924644,-0.3021284320802784,-0.03121483955783432,-0.32028102076660814
323,458731,Brett Gardner,Yankees,AL,2018.0,0.29,142.0,24.0,-4.8,12.0,-5.6,0.4,4.2,-0.6,0.8,0.1,5.0,67.0,101.0,1.01,0.315,1.239,0.11599999999999999,9.679,0.12117319631770498,-2.865213882163037,-3.7645277592771453,-0.1647199999999992,-0.734593877114109,2.635472240722854,0.2722876578905728,0.08265316664944726
324,518618,Derek Dietrich,Marlins,NL,2018.0,0.29,136.0,13.0,-4.6,11.0,-4.5,-3.0,4.0,-1.5,-4.3,-0.4,3.1,72.0,97.0,0.97,0.315,1.239,0.11599999999999999,9.679,0.1111527146295801,-2.7441485068603733,-1.611637696483268,0.4732799999999996,0.6592308103771058,-1.4116376964832678,-0.1458454072200917,-0.44426077074077897
325,488671,Alex Avila,Diamondbacks,NL,2018.0,0.29,64.0,5.0,-3.4,4.0,-3.6,0.0,1.9,1.1,-0.7,-0.1,0.7,53.0,105.0,1.05,0.315,1.239,0.11599999999999999,9.679,0.1111527146295801,-1.291364003228411,-1.3523377395215377,-0.3712,0.31022626370687334,1.5476622604784627,0.15989898341548328,-0.07232152081826634
326,588751,Adeiny Hechavarria,Rays,AL,2018.0,0.28800000000000003,116.0,13.0,-4.0,9.0,-4.2,-0.3,3.4,1.3,1.2,0.1,1.7,70.0,97.0,0.97,0.315,1.239,0.11599999999999999,9.679,0.12117319631770498,-2.527845036319609,-2.7242558091733886,0.40367999999999965,-0.6000907728537791,2.6757441908266117,0.27644841314460294,0.12397974997417088
327,471865,Carlos Gonzalez,Rockies,NL,2018.0,0.28800000000000003,86.0,8.0,-3.3,7.0,-5.1,1.5,2.5,-0.9,-1.5,-0.2,5.6,50.0,116.0,1.16,0.315,1.239,0.11599999999999999,9.679,0.1111527146295801,-1.8740920096852278,-3.0533854678291164,-1.5961599999999994,0.41686654185611105,0.5466145321708833,0.05647427752566208,-0.1549746874677136
328,643396,Isiah Kiner-Falefa,Rangers,AL,2018.0,0.28800000000000003,89.0,7.0,-1.5,9.0,-2.4,0.1,2.6,0.4,1.1,0.1,3.1,78.0,105.0,1.05,0.315,1.239,0.11599999999999999,9.679,0.12117319631770498,-1.939467312348666,-2.9160817846244105,-0.5162,-0.4604144722757443,0.5839182153755895,0.060328361956358045,0.11364810414298998
329,503556,Marwin Gonzalez,Astros,AL,2018.0,0.28800000000000003,127.0,10.0,-2.0,13.0,-2.1,-1.4,3.7,-1.4,0.0,0.0,0.8,86.0,97.0,0.97,0.315,1.239,0.11599999999999999,9.679,0.12117319631770498,-2.7675544794188824,-2.982590411767417,0.44195999999999963,-0.656995932348534,-0.882590411767417,-0.09118611548377074,0.0
330,553882,Omar Narvaez,White Sox,AL,2018.0,0.287,53.0,2.0,-2.8,3.0,-3.0,1.0,1.6,1.0,-0.3,0.0,1.7,53.0,99.0,0.99,0.315,1.239,0.11599999999999999,9.679,0.12117319631770498,-1.1977401129943512,-1.410439517832716,0.0614799999999997,-0.27417940483836456,1.2895604821672841,0.13323282179639262,-0.03099493749354272
331,474568,Jordy Mercer,Pirates,NL,2018.0,0.287,120.0,10.0,-6.9,7.0,-7.0,-0.5,3.5,1.4,-1.8,-0.2,1.5,51.0,98.0,0.98,0.315,1.239,0.11599999999999999,9.679,0.1111527146295801,-2.711864406779663,-1.8517901623292752,0.2784000000000003,0.5816742444503875,3.348209837670725,0.34592518211289647,-0.18596962496125632
332,455139,Robinson Chirinos,Rangers,AL,2018.0,0.28600000000000003,104.0,10.0,-0.4,12.0,-1.5,0.0,3.1,2.0,3.4,0.4,1.0,88.0,105.0,1.05,0.315,1.239,0.11599999999999999,9.679,0.12117319631770498,-2.4342211460855503,-3.575433563126869,-0.6032,-0.5380124170413192,1.3245664368731314,0.13684951305642434,0.35127595826015084
334,542255,Ender Inciarte,Braves,NL,2018.0,0.285,147.0,19.0,-3.3,14.0,-3.5,0.2,4.3,0.5,5.3,0.5,7.4,80.0,99.0,0.99,0.315,1.239,0.11599999999999999,9.679,0.1111527146295801,-3.5593220338983076,-2.6762510844465837,0.17051999999999917,0.7125509494517247,6.123748915553417,0.6326840495457606,0.547577229052588
335,543877,Christian Vazquez,Red Sox,AL,2018.0,0.285,96.0,8.0,-6.9,4.0,-7.8,0.0,2.8,1.8,-3.7,-0.4,1.9,33.0,104.0,1.04,0.315,1.239,0.11599999999999999,9.679,0.12117319631770498,-2.32445520581114,-3.26652205231082,-0.4454400000000005,-0.49662684649967925,0.8334779476891798,0.08611198963624132,-0.38227089575369355
338,541650,Hernan Perez,Brewers,NL,2018.0,0.284,66.0,5.0,-3.3,4.0,-3.6,-2.2,1.9,-0.1,-3.5,-0.4,3.4,54.0,102.0,1.02,0.315,1.239,0.11599999999999999,9.679,0.1111527146295801,-1.6513317191283308,-1.4845308846806178,-0.15312000000000017,0.31992083444771313,-1.3845308846806177,-0.14304482742851718,-0.36160760409133175
340,621446,Lewis Brinson,Marlins,NL,2018.0,0.28300000000000003,117.0,8.0,-7.6,6.0,-7.5,2.8,3.4,0.4,0.0,0.0,2.1,46.0,97.0,0.97,0.315,1.239,0.11599999999999999,9.679,0.1111527146295801,-3.0217917675544763,-2.0474993792153486,0.40715999999999963,0.5671323883391278,5.452500620784651,0.5633330530824104,0.0
342,460077,Drew Butera,Royals,AL,2018.0,0.282,63.0,3.0,-3.2,4.0,-3.6,0.0,1.9,1.3,0.0,0.0,0.6,53.0,102.0,1.02,0.315,1.239,0.11599999999999999,9.679,0.12117319631770498,-1.6779661016949168,-2.1500374697103317,-0.14616000000000018,-0.32591136801541454,1.4499625302896684,0.1498049933143577,0.0
343,434658,Rajai Davis,Indians,AL,2018.0,0.282,63.0,6.0,-4.2,3.0,-4.7,0.6,1.9,-0.6,-3.7,-0.4,5.6,39.0,102.0,1.02,0.315,1.239,0.11599999999999999,9.679,0.12117319631770498,-1.6779661016949168,-2.1500374697103317,-0.14616000000000018,-0.32591136801541454,-1.1500374697103317,-0.11881779829634587,-0.38227089575369355
345,621563,Joey Wendle,Rays,AL,2018.0,0.282,89.0,13.0,2.6,13.0,2.4,1.1,2.6,0.3,6.9,0.7,6.7,123.0,97.0,0.97,0.315,1.239,0.11599999999999999,9.679,0.12117319631770498,-2.370460048426152,-2.521154520701897,0.3097199999999997,-0.4604144722757443,1.9788454792981032,0.20444730646741432,0.7128835623514826
346,595284,Andrew Knapp,Phillies,NL,2018.0,0.282,57.0,4.0,-3.9,3.0,-4.1,0.0,1.7,1.0,-0.9,-0.1,6.2,40.0,100.0,1.0,0.315,1.239,0.11599999999999999,9.679,0.1111527146295801,-1.5181598062954007,-1.2418645401814667,0.0,0.27629526611393407,1.958135459818533,0.20230762060321655,-0.09298481248062816
352,446481,Sean Rodriguez,Pirates,NL,2018.0,0.27899999999999997,60.0,6.0,-1.7,5.0,-1.7,0.9,1.8,0.1,1.5,0.2,0.9,76.0,98.0,0.98,0.315,1.239,0.11599999999999999,9.679,0.1111527146295801,-1.7433414043583548,-1.3133042821331609,0.13920000000000016,0.29083712222519376,1.8866957178668393,0.19492671948205798,0.1549746874677136
353,453923,Gregor Blanco,Giants,NL,2018.0,0.27899999999999997,72.0,7.0,-1.0,7.0,-0.8,-2.5,2.1,-0.2,-2.0,-0.2,6.0,90.0,96.0,0.96,0.315,1.239,0.11599999999999999,9.679,0.1111527146295801,-2.092009685230026,-1.4089251385597932,0.3340800000000004,0.3490045466702325,-2.608925138559793,-0.26954490531664355,-0.20663291662361813
354,435079,Ian Kinsler,Angels,AL,2018.0,0.27899999999999997,90.0,9.0,-4.4,6.0,-4.5,-0.5,2.7,0.3,-3.0,-0.3,4.6,59.0,97.0,0.97,0.315,1.239,0.11599999999999999,9.679,0.12117319631770498,-2.6150121065375322,-2.767399775130982,0.3131999999999997,-0.4655876685934493,-1.2673997751309818,-0.13094325603171628,-0.3099493749354272
355,488771,Jason Castro,Twins,AL,2018.0,0.27899999999999997,74.0,4.0,-4.9,4.0,-5.5,1.0,2.2,1.5,-0.8,-0.1,0.6,39.0,102.0,1.02,0.315,1.239,0.11599999999999999,9.679,0.12117319631770498,-2.1501210653753042,-2.704617592885474,-0.1716800000000002,-0.3828165275101694,1.9953824071145263,0.2061558432807652,-0.08265316664944726
356,592261,Delino DeShields,Rangers,AL,2018.0,0.278,67.0,10.0,1.8,10.0,1.2,4.3,2.0,0.2,8.8,0.9,5.4,114.0,105.0,1.05,0.315,1.239,0.11599999999999999,9.679,0.12117319631770498,-2.000807102502016,-2.7360112557882506,-0.38859999999999995,-0.3466041532862345,4.86398874421175,0.5025300903204618,0.9091848331439198
357,460576,Carlos Gomez,Rays,AL,2018.0,0.278,125.0,14.0,-6.7,8.0,-6.9,0.5,3.7,-1.2,-2.8,-0.3,5.7,54.0,97.0,0.97,0.315,1.239,0.11599999999999999,9.679,0.12117319631770498,-3.73284907183212,-3.9444986115452445,0.4349999999999996,-0.646649539713124,0.15550138845475603,0.01606585271771423,-0.2892860832730654
359,608365,Addison Russell,Cubs,NL,2018.0,0.278,107.0,14.0,-3.4,9.0,-3.8,1.5,3.2,1.2,2.6,0.3,5.7,70.0,100.0,1.0,0.315,1.239,0.11599999999999999,9.679,0.1111527146295801,-3.1953188054882946,-2.676659270853366,0.0,0.5186595346349289,3.7233407291466345,0.38468237722353904,0.26862279161070357
361,542908,Jett Bandy,Brewers,NL,2018.0,0.27699999999999997,53.0,4.0,-1.9,4.0,-2.2,1.0,1.6,1.1,1.5,0.2,1.4,66.0,102.0,1.02,0.315,1.239,0.11599999999999999,9.679,0.1111527146295801,-1.6255044390637625,-1.4915583144315083,-0.12296000000000014,0.2569061246322545,2.208441685568492,0.22816837334109843,0.1549746874677136
362,641319,Carlos Asuaje,Padres,NL,2018.0,0.27699999999999997,112.0,6.0,-5.5,7.0,-5.2,-0.9,3.3,0.4,-2.9,-0.3,1.0,61.0,95.0,0.95,0.315,1.239,0.11599999999999999,9.679,0.1111527146295801,-3.4350282485875736,-2.2425322871005453,0.6496,0.5428959614870283,0.05746771289945496,0.00593736056405155,-0.2996177291042463
365,623993,Anthony Santander,Orioles,AL,2018.0,0.276,91.0,7.0,-4.5,6.0,-5.0,-0.8,2.7,-1.2,-3.5,-0.4,5.3,54.0,101.0,1.01,0.315,1.239,0.11599999999999999,9.679,0.12117319631770498,-2.864406779661015,-3.440727644572169,-0.10555999999999949,-0.4707608649111543,-1.9407276445721688,-0.20050910678501588,-0.36160760409133175
366,472528,Luis Valbuena,Angels,AL,2018.0,0.275,100.0,12.0,-0.4,11.0,-0.5,-0.8,2.9,-0.1,2.0,0.2,1.4,96.0,97.0,0.97,0.315,1.239,0.11599999999999999,9.679,0.12117319631770498,-3.228410008071023,-3.3977296398415224,0.3479999999999997,-0.5173196317704992,-0.8977296398415224,-0.09275024690996202,0.20663291662361813
367,434778,Kendrys Morales,Blue Jays,AL,2018.0,0.275,85.0,6.0,-6.0,4.0,-6.5,-0.1,2.5,-2.1,-5.9,-0.6,2.9,36.0,101.0,1.01,0.315,1.239,0.11599999999999999,9.679,0.12117319631770498,-2.7441485068603697,-3.2824701938652936,-0.09859999999999952,-0.4397216870049243,-2.682470193865294,-0.277143319957154,-0.6095671040396735
368,641487,J.P. Crawford,Phillies,NL,2018.0,0.27399999999999997,71.0,9.0,-3.5,5.0,-3.6,-2.8,2.1,0.9,-3.5,-0.4,2.6,57.0,100.0,1.0,0.315,1.239,0.11599999999999999,9.679,0.1111527146295801,-2.3494753833736906,-2.005318122073878,0.0,0.3441572612998126,-1.905318122073878,-0.19685072032998016,-0.36160760409133175
369,517369,Jose Pirela,Padres,NL,2018.0,0.27399999999999997,148.0,19.0,-3.4,14.0,-2.9,-0.7,4.4,-1.1,-1.0,-0.1,6.7,83.0,95.0,0.95,0.315,1.239,0.11599999999999999,9.679,0.1111527146295801,-4.897497982243748,-3.321699747421604,0.8583999999999999,0.7173982348221446,-1.421699747421604,-0.14688498268639363,-0.10331645831180906
371,624428,Adam Frazier,Pirates,NL,2018.0,0.273,94.0,10.0,-3.6,7.0,-3.6,-1.9,2.8,-0.2,-4.0,-0.4,2.7,67.0,98.0,0.98,0.315,1.239,0.11599999999999999,9.679,0.1111527146295801,-3.1864406779661,-2.51271585314663,0.21808000000000025,0.4556448248194702,-2.9127158531466297,-0.30093148601576913,-0.41326583324723626
372,594777,Kole Calhoun,Angels,AL,2018.0,0.272,118.0,10.0,-12.7,1.0,-12.8,4.7,3.5,-1.3,-4.5,-0.5,5.7,10.0,97.0,0.97,0.315,1.239,0.11599999999999999,9.679,0.12117319631770498,-4.095238095238093,-4.295035260727282,0.41063999999999967,-0.6104371654891891,4.004964739272719,0.4137787725253351,-0.4649240624031408
373,581527,Devon Travis,Blue Jays,AL,2018.0,0.271,66.0,7.0,-5.7,2.0,-6.1,-1.8,1.9,0.2,-4.3,-0.4,5.1,24.0,101.0,1.01,0.315,1.239,0.11599999999999999,9.679,0.12117319631770498,-2.3438256658595633,-2.7618166228280927,-0.07655999999999963,-0.3414309569685295,-0.9618166228280929,-0.09937148701602365,-0.44426077074077897
374,544725,Leury Garcia,White Sox,AL,2018.0,0.271,75.0,8.0,-0.3,8.0,-0.5,-0.1,2.2,-0.2,2.3,0.2,8.5,94.0,99.0,0.99,0.315,1.239,0.11599999999999999,9.679,0.12117319631770498,-2.6634382566585946,-2.9644279804864695,0.08699999999999958,-0.38798972382787444,-0.16442798048646967,-0.0169881165912253,0.23762785411716084
375,642082,Chance Sisco,Orioles,AL,2018.0,0.271,67.0,5.0,-2.1,6.0,-2.5,2.0,2.0,1.2,2.8,0.3,1.1,69.0,101.0,1.01,0.315,1.239,0.11599999999999999,9.679,0.12117319631770498,-2.3793381759483445,-2.803662329234579,-0.07771999999999962,-0.3466041532862345,2.496337670765421,0.2579127668938342,0.2892860832730654
376,622110,Matt Duffy,Rays,AL,2018.0,0.271,96.0,6.0,-1.5,10.0,-1.6,-1.5,2.8,0.3,-2.4,-0.2,3.4,86.0,97.0,0.97,0.315,1.239,0.11599999999999999,9.679,0.12117319631770498,-3.4092009685230007,-3.5717478150226802,0.3340799999999997,-0.49662684649967925,-4.37174781502268,-0.45167350088053304,-0.24795949994834177
377,543939,Kolten Wong,Cardinals,NL,2018.0,0.27,91.0,10.0,-1.8,9.0,-1.8,3.0,2.7,0.4,4.1,0.4,2.8,84.0,97.0,0.97,0.315,1.239,0.11599999999999999,9.679,0.1111527146295801,-3.3050847457627106,-2.5473017770545003,0.31667999999999974,0.44110296870821053,3.352698222945499,0.346388906183025,0.42359747907841716
378,607387,Ryan Rua,Rangers,AL,2018.0,0.267,65.0,6.0,-4.3,3.0,-4.9,-1.1,1.9,-0.8,-4.6,-0.5,7.7,37.0,105.0,1.05,0.315,1.239,0.11599999999999999,9.679,0.12117319631770498,-2.5181598062953987,-3.2314175669462233,-0.377,-0.33625776065082447,-2.9314175669462226,-0.30286368084990417,-0.47525570823432167
379,456488,Eduardo Nunez,Red Sox,AL,2018.0,0.267,120.0,15.0,-4.0,10.0,-5.1,-0.4,3.5,0.4,-4.0,-0.4,3.5,65.0,104.0,1.04,0.315,1.239,0.11599999999999999,9.679,0.12117319631770498,-4.648910411622274,-5.826493969746874,-0.5568000000000006,-0.6207835581245991,-4.726493969746874,-0.4883246171863699,-0.41326583324723626
381,546991,Albert Almora Jr.,Cubs,NL,2018.0,0.265,92.0,17.0,0.4,11.0,0.1,2.9,2.7,0.3,6.7,0.7,5.0,101.0,100.0,1.0,0.315,1.239,0.11599999999999999,9.679,0.1111527146295801,-3.7126715092816776,-3.266721255203047,0.0,0.4459502540786304,3.3332787447969534,0.3443825544784537,0.6922202706891207
384,664023,Ian Happ,Cubs,NL,2018.0,0.263,80.0,7.0,-1.0,8.0,-1.2,0.3,2.4,-0.1,2.5,0.3,3.9,87.0,100.0,1.0,0.315,1.239,0.11599999999999999,9.679,0.1111527146295801,-3.357546408393865,-2.9697635787602734,0.0,0.3877828296335917,0.7302364212397268,0.07544544077277887,0.25829114577952267
385,519299,Eric Sogard,Brewers,NL,2018.0,0.263,65.0,4.0,-7.7,0.0,-8.0,-0.2,1.9,0.5,-5.0,-0.5,1.4,-4.0,102.0,1.02,0.315,1.239,0.11599999999999999,9.679,0.1111527146295801,-2.7280064568200153,-2.5637329077427222,-0.15080000000000016,0.31507354907729324,0.4362670922572778,0.0450735708500132,-0.5165822915590453
386,607054,Jace Peterson,- - -,AL,2018.0,0.263,51.0,2.0,-2.0,4.0,-2.3,-0.8,1.5,0.0,-0.4,0.0,7.0,63.0,,,0.315,1.239,0.11599999999999999,9.679,0.12117319631770498,-2.1404358353510893,,,-0.26383301220295463,,,-0.04132658332472363
389,605486,Cory Spangenberg,Padres,NL,2018.0,0.261,60.0,5.0,-2.7,4.0,-2.5,-2.4,1.8,-0.3,-2.9,-0.3,4.2,65.0,95.0,0.95,0.315,1.239,0.11599999999999999,9.679,0.1111527146295801,-2.6150121065375296,-1.976174984312336,0.348,0.29083712222519376,-2.376174984312336,-0.245497983708269,-0.2996177291042463
390,622534,Manuel Margot,Padres,NL,2018.0,0.261,92.0,8.0,-7.5,3.0,-7.3,0.5,2.7,0.3,-2.3,-0.2,6.9,34.0,95.0,0.95,0.315,1.239,0.11599999999999999,9.679,0.1111527146295801,-4.009685230024212,-3.030134975945582,0.5336,0.4459502540786304,1.969865024054418,0.20351947763760905,-0.23762785411716084
392,501303,Ehire Adrianza,Twins,AL,2018.0,0.261,53.0,4.0,-2.9,3.0,-3.3,-0.1,1.6,0.6,-0.4,0.0,4.2,49.0,102.0,1.02,0.315,1.239,0.11599999999999999,9.679,0.12117319631770498,-2.309927360774818,-2.707066765613183,-0.12296000000000014,-0.27417940483836456,0.1929332343868171,0.019933178467488075,-0.04132658332472363
394,502481,Jarrod Dyson,Diamondbacks,NL,2018.0,0.26,87.0,8.0,-5.2,5.0,-5.4,3.1,2.6,-0.8,0.3,0.0,8.7,48.0,105.0,1.05,0.315,1.239,0.11599999999999999,9.679,0.1111527146295801,-3.861985472154963,-3.944871644928432,-0.5045999999999999,0.42171382722653095,1.7551283550715682,0.1813336455286257,0.03099493749354272
395,457706,Austin Jackson,Giants,NL,2018.0,0.26,88.0,6.0,-4.5,6.0,-4.3,-3.2,2.6,0.3,-4.3,-0.4,3.9,59.0,96.0,0.96,0.315,1.239,0.11599999999999999,9.679,0.1111527146295801,-3.9063761097659397,-3.0714949971689887,0.40832000000000046,0.42656111259695084,-3.0714949971689887,-0.3173359848299399,-0.44426077074077897
397,641553,Adam Engel,White Sox,AL,2018.0,0.259,84.0,3.0,-7.1,3.0,-7.4,-3.3,2.5,0.3,-7.4,-0.8,6.4,27.0,99.0,0.99,0.315,1.239,0.11599999999999999,9.679,0.12117319631770498,-3.796610169491525,-4.133718660178745,0.09743999999999953,-0.43454849068721935,-4.133718660178745,-0.4270811716271045,-0.7645417915073871
400,571740,Billy Hamilton,Reds,NL,2018.0,0.258,111.0,18.0,-4.1,9.0,-4.5,1.3,3.3,0.4,3.0,0.3,7.9,66.0,101.0,1.01,0.315,1.239,0.11599999999999999,9.679,0.1111527146295801,-5.106537530266342,-4.697248854149733,-0.12875999999999937,0.5380486761166084,2.8027511458502667,0.2895703219186142,0.3099493749354272
402,606466,Ketel Marte,Diamondbacks,NL,2018.0,0.257,128.0,11.0,-5.7,9.0,-6.0,3.0,3.8,0.6,0.2,0.0,5.4,61.0,105.0,1.05,0.315,1.239,0.11599999999999999,9.679,0.1111527146295801,-5.991928974979822,-6.113876447566075,-0.7424,0.6204525274137467,0.086123552433925,0.008897980414704515,0.020663291662361815
406,641857,Ryan McMahon,Rockies,NL,2018.0,0.256,60.0,3.0,-3.3,4.0,-4.5,-0.3,1.8,-0.6,-2.9,-0.3,0.5,36.0,116.0,1.16,0.315,1.239,0.11599999999999999,9.679,0.1111527146295801,-2.8571428571428568,-3.6799057349176625,-1.1135999999999995,0.29083712222519376,-2.0799057349176624,-0.21488849415411326,-0.2996177291042463
408,520471,Freddy Galvis,Padres,NL,2018.0,0.255,137.0,11.0,-4.3,12.0,-3.9,-1.9,4.0,1.6,-1.6,-0.2,3.6,76.0,95.0,0.95,0.315,1.239,0.11599999999999999,9.679,0.1111527146295801,-6.634382566585955,-5.175704470838429,0.7946,0.6640780957475257,-2.8757044708384294,-0.29710760107846157,-0.16530633329889452
410,547379,Roberto Perez,Indians,AL,2018.0,0.254,50.0,3.0,-4.3,2.0,-4.7,-1.0,1.5,1.0,-2.8,-0.3,0.7,23.0,102.0,1.02,0.315,1.239,0.11599999999999999,9.679,0.12117319631770498,-2.461662631154156,-2.836322447039406,-0.11600000000000013,-0.2586598158852496,-0.9363224470394056,-0.0967375190659578,-0.2892860832730654
411,542921,Tim Beckham,Orioles,AL,2018.0,0.254,93.0,8.0,-6.3,4.0,-6.9,-0.5,2.7,0.4,-3.2,-0.3,3.7,39.0,101.0,1.01,0.315,1.239,0.11599999999999999,9.679,0.12117319631770498,-4.578692493946731,-5.167679751493295,-0.10787999999999948,-0.48110725754656425,-1.4676797514932947,-0.15163547386024326,-0.33061266659778904
412,435622,Ian Desmond,Rockies,NL,2018.0,0.254,121.0,11.0,-7.2,7.0,-9.7,1.4,3.6,-1.8,-7.6,-0.8,4.6,32.0,116.0,1.16,0.315,1.239,0.11599999999999999,9.679,0.1111527146295801,-5.957223567393059,-7.616462037572251,-2.2457599999999993,0.5865215298208074,-5.516462037572252,-0.5699413201335108,-0.7852050831697489
416,606299,Jose Peraza,Reds,NL,2018.0,0.252,139.0,19.0,-0.4,16.0,-0.8,-0.6,4.1,1.4,4.4,0.5,5.8,95.0,101.0,1.01,0.315,1.239,0.11599999999999999,9.679,0.1111527146295801,-7.0677966101694905,-6.555263943681124,-0.16123999999999922,0.6737726664883655,-1.3552639436811242,-0.14002107073882883,0.4545924165719599
417,605509,Kelby Tomlinson,Giants,NL,2018.0,0.25,52.0,5.0,-0.9,5.0,-0.8,0.7,1.5,0.3,1.1,0.1,2.3,87.0,96.0,0.96,0.315,1.239,0.11599999999999999,9.679,0.1111527146295801,-2.7280064568200157,-2.234667617558181,0.24128000000000027,0.2520588392618346,-0.33466761755818086,-0.034576672957762254,0.11364810414298998
420,594828,Evan Gattis,Astros,AL,2018.0,0.24600000000000002,94.0,7.0,-5.0,6.0,-5.1,0.0,2.8,-2.3,-4.6,-0.5,1.1,55.0,97.0,0.97,0.315,1.239,0.11599999999999999,9.679,0.12117319631770498,-5.234866828087165,-5.394027281951435,0.32711999999999974,-0.48628045386426927,-4.894027281951435,-0.5056335656525917,-0.47525570823432167
422,578428,Jose Iglesias,Tigers,AL,2018.0,0.244,120.0,10.0,-7.7,6.0,-8.5,2.5,3.5,1.4,0.7,0.1,6.6,42.0,102.0,1.02,0.315,1.239,0.11599999999999999,9.679,0.12117319631770498,-6.876513317191284,-7.775696875315884,-0.2784000000000003,-0.6207835581245991,1.4243031246841156,0.14715395440480583,0.07232152081826634
423,570731,Jonathan Schoop,Orioles,AL,2018.0,0.244,65.0,7.0,-2.4,5.0,-2.8,0.0,1.9,0.2,-1.0,-0.1,3.2,64.0,101.0,1.01,0.315,1.239,0.11599999999999999,9.679,0.12117319631770498,-3.724778046811945,-4.136435807462769,-0.07539999999999963,-0.33625776065082447,-2.3364358074627694,-0.24139227269994518,-0.10331645831180906
428,542340,Jonathan Villar,Brewers,NL,2018.0,0.23800000000000002,99.0,3.0,-2.0,9.0,-2.5,-0.2,2.9,0.3,0.7,0.1,5.8,79.0,102.0,1.02,0.315,1.239,0.11599999999999999,9.679,0.1111527146295801,-6.152542372881354,-5.902341121209784,-0.22968000000000027,0.4798812516715697,-2.702341121209784,-0.27919631379375803,0.07232152081826634
430,547172,Tony Wolters,Rockies,NL,2018.0,0.23600000000000002,50.0,2.0,-4.1,2.0,-5.1,1.0,1.5,0.9,-1.7,-0.2,0.1,13.0,116.0,1.16,0.315,1.239,0.11599999999999999,9.679,0.1111527146295801,-3.1880548829701363,-3.873690614449141,-0.9279999999999997,0.2423642685209948,-0.47369061444914173,-0.04894003662042998,-0.17563797913007542
431,501213,Moises Sierra,Nationals,NL,2018.0,0.23600000000000002,50.0,3.0,-4.5,1.0,-4.7,0.4,1.5,-0.5,-4.6,-0.5,3.8,21.0,101.0,1.01,0.315,1.239,0.11599999999999999,9.679,0.1111527146295801,-3.1880548829701363,-3.003690614449141,-0.05799999999999972,0.2423642685209948,-2.9036906144491406,-0.2999990303181259,-0.47525570823432167
432,592685,Drew Robinson,Rangers,AL,2018.0,0.23600000000000002,89.0,10.0,-6.0,4.0,-7.0,-1.2,2.6,0.3,-4.2,-0.4,3.4,35.0,105.0,1.05,0.315,1.239,0.11599999999999999,9.679,0.12117319631770498,-5.674737691686842,-6.651352163962587,-0.5162,-0.4604144722757443,-3.851352163962587,-0.39790806529213624,-0.4339291249095981
441,606115,Orlando Arcia,Brewers,NL,2018.0,0.22899999999999998,101.0,6.0,-4.9,7.0,-5.4,1.9,3.0,1.2,0.1,0.0,1.9,55.0,102.0,1.02,0.315,1.239,0.11599999999999999,9.679,0.1111527146295801,-7.010492332526232,-6.755236510113822,-0.23432000000000025,0.4895758224124095,-1.2552365101138223,-0.12968659056863543,0.010331645831180907
453,595978,Austin Hedges,Padres,NL,2018.0,0.217,81.0,5.0,-5.2,4.0,-4.9,0.0,2.4,1.7,-1.7,-0.2,0.6,49.0,95.0,0.95,0.315,1.239,0.11599999999999999,9.679,0.1111527146295801,-6.406779661016949,-5.5443495460129375,0.4698,0.39263011500401157,-2.3443495460129373,-0.24220989213895416,-0.17563797913007542
456,608597,Ronald Guzman,Rangers,AL,2018.0,0.212,59.0,3.0,-2.7,4.0,-3.3,0.1,1.7,-1.1,-2.8,-0.3,3.1,53.0,105.0,1.05,0.315,1.239,0.11599999999999999,9.679,0.12117319631770498,-4.904761904761905,-5.5521804875065,-0.34219999999999995,-0.30521858274459457,-5.0521804875065,-0.5219733947212005,-0.2892860832730654
459,502226,Craig Gentry,Orioles,AL,2018.0,0.209,56.0,5.0,-4.8,2.0,-5.2,1.6,1.6,-0.5,-1.1,-0.1,8.7,23.0,101.0,1.01,0.315,1.239,0.11599999999999999,9.679,0.12117319631770498,-4.790960451977401,-5.14561944576888,-0.06495999999999968,-0.28969899379147956,-1.0456194457688808,-0.10802969787879747,-0.11364810414298998
460,642162,Pat Valaika,Rockies,NL,2018.0,0.209,64.0,2.0,-8.2,-1.0,-9.5,0.0,1.9,-0.5,-8.6,-0.9,0.7,-25.0,116.0,1.16,0.315,1.239,0.11599999999999999,9.679,0.1111527146295801,-5.475383373688459,-6.352997109981585,-1.1878399999999996,0.31022626370687334,-5.452997109981585,-0.5633843485878277,-0.8885215414815579
464,545350,Jake Marisnick,Astros,AL,2018.0,0.204,74.0,10.0,-6.8,2.0,-6.9,1.7,2.2,0.3,-1.4,-0.1,6.5,23.0,97.0,0.97,0.315,1.239,0.11599999999999999,9.679,0.12117319631770498,-6.629539951573849,-6.75483647908402,0.25751999999999975,-0.3828165275101694,-1.2548364790840196,-0.12964526077942137,-0.1446430416365327
468,543376,Caleb Joseph,Orioles,AL,2018.0,0.19899999999999998,61.0,2.0,-6.3,1.0,-6.7,-2.0,1.8,1.4,-5.3,-0.6,4.6,9.0,101.0,1.01,0.315,1.239,0.11599999999999999,9.679,0.12117319631770498,-5.711057304277644,-6.097382279657649,-0.07075999999999966,-0.3155649753800045,-4.697382279657648,-0.48531690047088005,-0.547577229052588
484,452254,Hunter Pence,Giants,NL,2018.0,0.17800000000000002,61.0,3.0,-7.4,0.0,-7.2,-0.8,1.8,-0.7,-6.5,-0.7,3.8,0.0,96.0,0.96,0.315,1.239,0.11599999999999999,9.679,0.1111527146295801,-6.744955609362388,-6.166231201766774,0.2830400000000003,0.29568440759561365,-5.466231201766774,-0.5647516480800469,-0.6715569790267589
